cooperative_id,province,district,km_non_track,m_to_made_road,error_m
47303,NUSA TENGGARA TIMUR,KAB. SUMBA TIMUR,0.792,595.2226362948095,196.7773637051905
28209,JAWA TIMUR,KOTA MADIUN,0.0,18.302399984029293,-18.302399984029293
68047,JAWA BARAT,KAB. GARUT,0.0,8.570657391891118,-8.570657391891118
46526,JAWA TENGAH,KAB. CILACAP,0.0,5.152665707391206,-5.152665707391206
1279,BENGKULU,KAB. KAUR,1.056,950.3101771532158,105.68982284678418
37286,ACEH,KAB. BIREUEN,0.0,41.32326828882384,-41.32326828882384
17051,JAWA TIMUR,KAB. PACITAN,0.132,101.31431183999379,30.685688160006208
19489,RIAU,KOTA PEKANBARU,1.716,1766.027195731044,-50.027195731044
55273,SULAWESI SELATAN,KAB. TANA TORAJA,0.0,9.979637818454389,-9.979637818454389
36916,SULAWESI TENGAH,KAB. TOLI-TOLI,0.66,667.910213366743,-7.910213366743051
45605,DAERAH ISTIMEWA YOGYAKARTA,KAB. SLEMAN,0.132,49.169137825174985,82.83086217482501
14664,KALIMANTAN BARAT,KAB. KUBU RAYA,0.396,464.76466703710156,-68.76466703710156
20766,SUMATERA UTARA,KAB. DELI SERDANG,0.528,449.6483277509615,78.35167224903847
17993,KALIMANTAN TIMUR,KAB. KUTAI KARTANEGARA,0.132,21.72691065807336,110.27308934192664
41352,KALIMANTAN TENGAH,KAB. KATINGAN,0.0,18.49929080945023,-18.49929080945023
1655,LAMPUNG,KAB. WAY KANAN,0.924,848.5916084047877,75.40839159521227
53752,SULAWESI BARAT,KAB. PASANGKAYU,0.396,386.3153785016364,9.684621498363583
67883,NUSA TENGGARA TIMUR,KAB. TIMOR TENGAH UTARA,0.264,200.05267984132746,63.94732015867254
35699,JAWA TIMUR,KAB. JOMBANG,0.0,107.95353524997542,-107.95353524997542
26088,ACEH,KAB. ACEH BESAR,0.0,18.081948431616606,-18.081948431616606
46325,JAWA BARAT,KAB. GARUT,0.132,54.10963802087962,77.89036197912037
30949,SUMATERA SELATAN,KAB. EMPAT LAWANG,0.528,517.5448122452951,10.455187754704866
28344,SUMATERA SELATAN,KAB. OKU TIMUR,0.0,112.00491409698625,-112.00491409698625
9043,JAWA TENGAH,KAB. BREBES,0.0,18.408546019679083,-18.408546019679083
92089,SULAWESI TENGGARA,KAB. KONAWE,0.132,129.47209191218593,2.527908087814069
92211,PAPUA SELATAN,KAB. MERAUKE,0.0,0.9382005928297116,-0.9382005928297116
32607,GORONTALO,KAB. BONE BOLANGO,3.3,3328.0335218459236,-28.033521845923588
62898,SUMATERA UTARA,KAB. TOBA,0.396,363.8428852435342,32.157114756465774
43114,MALUKU,KAB. MALUKU BARAT DAYA,1.848,1841.2505022448822,6.749497755117773
47222,JAWA TENGAH,KAB. PURWOREJO,0.0,2.483436754463144,-2.483436754463144
6592,JAWA TIMUR,KAB. NGANJUK,0.132,187.54408004177807,-55.544080041778074
33269,GORONTALO,KAB. GORONTALO,2.376,2256.8276145123978,119.17238548760224
69272,SULAWESI BARAT,KAB. POLEWALI MANDAR,0.66,630.4567433373157,29.543256662684257
80509,JAMBI,KAB. SAROLANGUN,0.792,750.7712445946886,41.228755405311404
67229,JAWA BARAT,KAB. PANGANDARAN,0.396,396.4202446331591,-0.42024463315908633
59103,KALIMANTAN TENGAH,KAB. KOTAWARINGIN TIMUR,0.792,676.9224702491156,115.07752975088442
55485,SULAWESI SELATAN,KAB. GOWA,0.0,1.2954530382304903,-1.2954530382304903
54002,SUMATERA UTARA,KAB. PADANG LAWAS UTARA,0.132,128.78684361494038,3.2131563850596194
57141,SUMATERA SELATAN,KAB. OKU SELATAN,0.264,338.38555728384256,-74.38555728384256
73830,SULAWESI UTARA,KAB. BOLAANG MONGONDOW,1.056,891.445805330982,164.554194669018
3704,LAMPUNG,KAB. WAY KANAN,0.264,313.9968129571802,-49.996812957180225
55501,SULAWESI SELATAN,KAB. BONE,0.132,121.89323224318547,10.106767756814534
60361,JAMBI,KAB. TEBO,0.0,90.09266104429383,-90.09266104429383
85055,ACEH,KAB. ACEH JAYA,0.132,167.13930872335965,-35.13930872335965
54896,ACEH,KAB. NAGAN RAYA,1.584,1594.2965031913434,-10.29650319134339
36423,SUMATERA UTARA,KAB. MANDAILING NATAL,0.264,276.0019553435228,-12.001955343522809
51837,ACEH,KAB. ACEH BARAT,0.924,1001.1932507210381,-77.19325072103811
78724,ACEH,KAB. ACEH UTARA,0.132,102.43735406992256,29.562645930077437
17927,KALIMANTAN TIMUR,KAB. KUTAI KARTANEGARA,0.132,89.5567065759397,42.4432934240603
69911,JAWA TIMUR,KAB. LAMONGAN,0.0,26.27935623930299,-26.27935623930299
37195,JAWA TIMUR,KAB. TRENGGALEK,0.0,14.197185839136111,-14.197185839136111
65387,JAWA TENGAH,KAB. SRAGEN,0.0,42.8165243415075,-42.8165243415075
73516,JAMBI,KAB. TANJUNG JABUNG TIMUR,1.32,1318.1446797062856,1.8553202937143851
81664,ACEH,KAB. ACEH TIMUR,0.0,24.738602997034192,-24.738602997034192
15275,JAWA TENGAH,KOTA SEMARANG,0.396,296.416712556878,99.583287443122
62782,SUMATERA UTARA,KAB. MANDAILING NATAL,0.792,736.4818713308167,55.518128669183284
75411,JAWA TENGAH,KAB. BOYOLALI,0.0,6.3845092347341685,-6.3845092347341685
23891,JAWA BARAT,KOTA CIREBON,0.0,37.89379505005488,-37.89379505005488
26320,JAWA TIMUR,KAB. BANGKALAN,0.0,68.25895551672293,-68.25895551672293
22351,SULAWESI TENGGARA,KAB. KOLAKA,0.264,283.9659574863505,-19.965957486350476
23801,JAWA TIMUR,KAB. MALANG,0.0,12.729621051925895,-12.729621051925895
88707,PAPUA BARAT DAYA,KAB. MAYBRAT,0.528,536.7468774525823,-8.74687745258234
39496,JAWA BARAT,KAB. CIAMIS,0.0,94.34078707351009,-94.34078707351009
9739,SULAWESI SELATAN,KAB. TAKALAR,0.0,16.81969494289929,-16.81969494289929
4315,JAWA TENGAH,KAB. KLATEN,0.0,57.95525546575261,-57.95525546575261
4675,JAWA TENGAH,KAB. REMBANG,0.66,580.5562294257086,79.44377057429142
24006,SULAWESI SELATAN,KAB. BONE,0.0,6.28432152576628,-6.28432152576628
79905,NUSA TENGGARA TIMUR,KAB. NGADA,0.264,174.62417494514352,89.37582505485648
26113,SULAWESI TENGAH,KAB. BANGGAI,1.716,1588.5308823347473,127.46911766525272
87545,MALUKU UTARA,KOTA TERNATE,0.0,10.644471270536137,-10.644471270536137
44009,JAWA TIMUR,KAB. PROBOLINGGO,0.132,202.07988637924512,-70.07988637924512
72251,KALIMANTAN TIMUR,KAB. KUTAI TIMUR,2.772,2434.616243461032,337.3837565389681
84460,JAMBI,KAB. KERINCI,2.904,2973.4829382418466,-69.48293824184657
50077,RIAU,KOTA PEKANBARU,0.0,11.413804444414186,-11.413804444414186
92025,LAMPUNG,KAB. TULANG BAWANG BARAT,0.264,358.160940656488,-94.16094065648798
25570,SUMATERA UTARA,KAB. DELI SERDANG,0.0,42.994558507503896,-42.994558507503896
23602,SULAWESI TENGGARA,KAB. KONAWE,0.132,191.91411863353238,-59.91411863353238
59654,NUSA TENGGARA TIMUR,KAB. ALOR,0.924,922.1736722299946,1.8263277700053777
20987,ACEH,KAB. BENER MERIAH,0.264,257.3577013676206,6.642298632379379
68155,ACEH,KAB. BIREUEN,0.0,45.15128932560447,-45.15128932560447
1884,JAWA TENGAH,KAB. BLORA,0.0,17.00792546803414,-17.00792546803414
35473,NUSA TENGGARA TIMUR,KAB. FLORES TIMUR,0.924,804.4679825577778,119.53201744222224
67954,SUMATERA SELATAN,KAB. OGAN KOMERING ILIR,0.0,23.116716918711816,-23.116716918711816
15983,JAWA TENGAH,KAB. KEBUMEN,0.0,8.149250429902018,-8.149250429902018
58383,SUMATERA UTARA,KAB. DAIRI,0.264,319.0899198105937,-55.0899198105937
7592,SULAWESI SELATAN,KAB. PINRANG,0.0,19.621455517927476,-19.621455517927476
84571,ACEH,KAB. ACEH BARAT DAYA,0.528,577.1267540940011,-49.12675409400106
18119,JAWA TENGAH,KOTA SEMARANG,0.264,241.68042274640584,22.31957725359416
7962,SUMATERA SELATAN,KAB. OKU TIMUR,0.0,13.902186240080574,-13.902186240080574
22018,JAWA TIMUR,KOTA KEDIRI,0.0,26.292865534518345,-26.292865534518345
36397,SUMATERA UTARA,KAB. SIMALUNGUN,0.792,862.3085954134255,-70.30859541342545
26074,ACEH,KAB. ACEH BESAR,0.0,19.758778760740842,-19.758778760740842
11739,NUSA TENGGARA BARAT,KAB. DOMPU,0.792,796.0778288104708,-4.077828810470805
17704,JAWA TENGAH,KOTA SEMARANG,0.0,0.5698316424333878,-0.5698316424333878
77007,NUSA TENGGARA TIMUR,KAB. MANGGARAI,2.376,2127.6222239167732,248.37777608322676
6966,SULAWESI TENGGARA,KAB. MUNA,0.264,172.00411134009505,91.99588865990495
36542,JAWA TENGAH,KAB. WONOGIRI,0.264,292.9651255796807,-28.965125579680716
30324,SULAWESI SELATAN,KAB. BULUKUMBA,0.0,12.418758650142577,-12.418758650142577
77195,ACEH,KAB. PIDIE,0.0,68.57254576330331,-68.57254576330331
32179,SUMATERA UTARA,KAB. TAPANULI UTARA,0.528,629.7781635433979,-101.77816354339791
22263,KEPULAUAN RIAU,KAB. NATUNA,0.0,22.693909542324405,-22.693909542324405
88830,PAPUA,KAB. SARMI,4.488,4251.766506731021,236.23349326897915
40410,JAWA TENGAH,KAB. KLATEN,0.0,5.625277653113872,-5.625277653113872
16282,JAWA TENGAH,KOTA SEMARANG,0.0,15.050833642550927,-15.050833642550927
20424,JAWA TENGAH,KAB. KUDUS,0.66,652.7026770424375,7.297322957562528
50020,SUMATERA BARAT,KAB. PASAMAN BARAT,2.772,2552.20471516934,219.79528483065997
29082,JAWA BARAT,KAB. GARUT,0.132,114.58579065985961,17.41420934014039
18238,JAWA BARAT,KAB. CIANJUR,0.0,15.618117418170161,-15.618117418170161
31879,KEPULAUAN BANGKA BELITUNG,KAB. BANGKA BARAT,0.0,1.0321575215601526,-1.0321575215601526
69987,JAWA TENGAH,KAB. SUKOHARJO,0.0,6.70061915799087,-6.70061915799087
24339,JAWA TIMUR,KAB. PASURUAN,0.132,86.56330949128845,45.43669050871155
77545,NUSA TENGGARA BARAT,KAB. BIMA,0.396,481.9585075460016,-85.95850754600161
76131,BENGKULU,KAB. LEBONG,0.66,680.8052101150513,-20.805210115051295
61026,SUMATERA UTARA,KAB. DAIRI,0.264,263.4476288287699,0.5523711712301065
36029,SUMATERA UTARA,KAB. TAPANULI SELATAN,0.132,154.40201353286918,-22.402013532869177
7384,LAMPUNG,KAB. LAMPUNG BARAT,1.056,1058.9550897827983,-2.955089782798268
22692,KEPULAUAN RIAU,KAB. KARIMUN,0.396,303.9336890650301,92.06631093496992
50805,ACEH,KOTA SUBULUSSALAM,0.528,410.2108613258209,117.78913867417913
60061,SULAWESI SELATAN,KAB. BULUKUMBA,0.264,256.7756136372486,7.224386362751375
48499,SULAWESI BARAT,KAB. PASANGKAYU,0.0,53.80178623660309,-53.80178623660309
81890,ACEH,KAB. ACEH BARAT DAYA,0.264,299.5798035081138,-35.5798035081138
93634,PAPUA PEGUNUNGAN,KAB. TOLIKARA,0.264,242.00842670078887,21.991573299211126
55137,SULAWESI TENGAH,KAB. BANGGAI LAUT,1.056,950.7420461623091,105.25795383769093
93930,PAPUA PEGUNUNGAN,KAB. TOLIKARA,0.0,1.485615433864309,-1.485615433864309
69565,SULAWESI SELATAN,KAB. LUWU UTARA,0.0,18.150736981665936,-18.150736981665936
79429,ACEH,KAB. PIDIE,0.0,5.43479528755313,-5.43479528755313
3607,LAMPUNG,KAB. LAMPUNG BARAT,1.32,1212.955122080005,107.04487791999509
74820,JAWA BARAT,KAB. KUNINGAN,0.0,6.98345798638022,-6.98345798638022
85338,KALIMANTAN TIMUR,KAB. KUTAI BARAT,3.564,3388.9458168810725,175.05418311892754
53626,SULAWESI SELATAN,KAB. GOWA,0.132,91.82331613632455,40.17668386367545
75804,NUSA TENGGARA TIMUR,KAB. NAGEKEO,0.924,859.89925626624,64.10074373376005
41192,JAWA BARAT,KOTA CIREBON,0.132,81.48604411550835,50.51395588449165
59568,SULAWESI TENGGARA,KAB. BUTON TENGAH,0.924,898.6714204605495,25.328579539450516
52111,ACEH,KAB. ACEH BESAR,0.396,440.6221824492155,-44.62218244921547
50681,SULAWESI SELATAN,KAB. JENEPONTO,0.132,157.11683449327182,-25.116834493271824
30588,JAWA TIMUR,KAB. PASURUAN,0.132,155.78787936737254,-23.78787936737254
69537,RIAU,KOTA PEKANBARU,0.0,2.8825364448564588,-2.8825364448564588
11372,JAWA TIMUR,KOTA MALANG,0.0,22.198497928801736,-22.198497928801736
51511,KALIMANTAN SELATAN,KAB. TABALONG,0.0,75.07795164664917,-75.07795164664917
40331,JAWA TIMUR,KAB. NGAWI,0.264,250.53573347490033,13.464266525099674
60423,ACEH,KAB. ACEH TAMIANG,0.132,117.50436231591088,14.495637684089118
80563,SULAWESI UTARA,KAB. BOLAANG MONGONDOW TIMUR,0.0,16.138335505148486,-16.138335505148486
72761,JAWA BARAT,KAB. TASIKMALAYA,0.132,59.023716614654205,72.9762833853458
19990,JAWA TIMUR,KAB. SIDOARJO,0.0,11.941852715705913,-11.941852715705913
85674,NUSA TENGGARA TIMUR,KAB. ENDE,0.528,437.12447419505213,90.87552580494787
58174,ACEH,KAB. ACEH BESAR,0.0,0.5840104074924328,-0.5840104074924328
20204,JAWA TIMUR,KAB. LAMONGAN,0.132,159.33923923659788,-27.339239236597876
29109,JAWA BARAT,KAB. TASIKMALAYA,0.0,45.52865180521798,-45.52865180521798
50508,SUMATERA BARAT,KAB. PASAMAN,0.0,11.058387525285195,-11.058387525285195
50051,SUMATERA BARAT,KAB. DHARMASRAYA,0.396,440.57616067251854,-44.57616067251854
44758,MALUKU UTARA,KAB. HALMAHERA TENGAH,0.528,544.9733846371405,-16.973384637140498
41153,RIAU,KAB. KUANTAN SINGINGI,1.056,1185.7714063161156,-129.77140631611564
65129,JAWA TENGAH,KAB. PEKALONGAN,0.0,25.324109374222026,-25.324109374222026
76555,JAWA BARAT,KAB. BANDUNG,0.0,15.09120506823239,-15.09120506823239
21078,JAWA TENGAH,KAB. PEKALONGAN,0.0,40.54796981483315,-40.54796981483315
49091,ACEH,KAB. PIDIE,0.0,1.4098530665529292,-1.4098530665529292
33368,NUSA TENGGARA BARAT,KAB. LOMBOK TIMUR,0.132,104.77364135012017,27.226358649879828
1665,SUMATERA SELATAN,KAB. MUSI RAWAS,0.396,316.3378650480524,79.66213495194762
31469,KALIMANTAN SELATAN,KAB. KOTABARU,5.016,4207.030173471561,808.9698265284387
64005,SULAWESI TENGGARA,KAB. BUTON TENGAH,4.884,4295.529424042348,588.4705759576518
91225,PAPUA PEGUNUNGAN,KAB. YALIMO,0.396,347.49497727234115,48.505022727658854
17105,BENGKULU,KAB. BENGKULU SELATAN,1.32,1126.584896793397,193.4151032066029
47118,SUMATERA UTARA,KAB. PADANG LAWAS,0.396,350.96094285016056,45.03905714983944
25165,KALIMANTAN SELATAN,KAB. BARITO KUALA,0.132,146.2611159541759,-14.261115954175892
86832,PAPUA BARAT DAYA,KAB. MAYBRAT,0.66,608.0244524550133,51.97554754498674
6472,SULAWESI BARAT,KAB. MAJENE,0.264,148.91506858477695,115.08493141522305
48684,RIAU,KOTA DUMAI,0.792,661.051228224441,130.94877177555895
1503,JAWA TIMUR,KAB. SITUBONDO,0.132,88.73537179008824,43.26462820991176
87604,PAPUA BARAT DAYA,KAB. MAYBRAT,1.32,1283.1118315176743,36.88816848232568
64789,KALIMANTAN SELATAN,KAB. TABALONG,0.0,22.663780762896792,-22.663780762896792
36184,KALIMANTAN TIMUR,KAB. PENAJAM PASER UTARA,1.716,1434.9641466995959,281.03585330040414
23551,ACEH,KAB. BIREUEN,0.264,210.4385768097227,53.56142319027731
18616,JAWA TENGAH,KAB. MAGELANG,0.0,32.313742801672504,-32.313742801672504
59246,SULAWESI TENGAH,KAB. BANGGAI KEPULAUAN,0.0,29.666887206810113,-29.666887206810113
12410,SUMATERA UTARA,KAB. LANGKAT,0.528,589.704894066621,-61.70489406662102
81631,NUSA TENGGARA TIMUR,KAB. FLORES TIMUR,0.132,164.06614902120037,-32.066149021200374
61134,JAMBI,KAB. TEBO,0.396,488.6369406130536,-92.63694061305358
44722,SULAWESI UTARA,KAB. BOLAANG MONGONDOW,2.376,2260.741445689782,115.25855431021819
4769,SUMATERA SELATAN,KAB. MUARA ENIM,3.696,3722.0066500023972,-26.006650002397237
89577,PAPUA BARAT,KAB. FAK FAK,1.188,1176.7184345529627,11.281565447037337
77000,KALIMANTAN BARAT,KAB. KAPUAS HULU,0.0,105.39397388687,-105.39397388687
89354,PAPUA PEGUNUNGAN,KAB. TOLIKARA,0.792,762.6948074433861,29.30519255661386
46512,JAWA TENGAH,KAB. CILACAP,0.0,6.095814840374559,-6.095814840374559
17849,JAWA TIMUR,KAB. PROBOLINGGO,0.0,4.499522968156359,-4.499522968156359
28278,JAWA TIMUR,KOTA SURABAYA,0.132,72.1155954957448,59.8844045042552
74217,KALIMANTAN BARAT,KAB. SANGGAU,0.396,439.3165556652933,-43.31655566529332
47921,SULAWESI UTARA,KAB. MINAHASA,0.132,107.45173319241674,24.54826680758326
82438,ACEH,KAB. ACEH UTARA,0.0,16.888259294246396,-16.888259294246396
85173,ACEH,KAB. ACEH UTARA,0.132,55.01650660621378,76.98349339378622
40327,RIAU,KAB. KUANTAN SINGINGI,2.376,2420.0890151370804,-44.08901513708042
54625,JAWA TENGAH,KAB. SEMARANG,0.0,1.5239767189129922,-1.5239767189129922
92586,PAPUA SELATAN,KAB. MAPPI,0.0,65.67750527701465,-65.67750527701465
59273,SULAWESI TENGAH,KAB. SIGI,2.376,2235.862428633195,140.13757136680488
35482,JAWA TENGAH,KAB. WONOGIRI,0.0,3.4789522568591837,-3.4789522568591837
1838,RIAU,KAB. KAMPAR,0.0,1.2011936839833157,-1.2011936839833157
30535,KALIMANTAN SELATAN,KAB. BANJAR,0.132,112.03927504736062,19.96072495263938
35882,NUSA TENGGARA TIMUR,KAB. MANGGARAI BARAT,0.132,84.6142803990173,47.385719600982696
56673,JAWA TENGAH,KAB. PURWOREJO,0.132,223.49156497738213,-91.49156497738213
28390,PAPUA,KAB. BIAK NUMFOR,0.264,279.9761180969512,-15.976118096951211
51006,SULAWESI SELATAN,KAB. SOPPENG,0.132,130.3443176755417,1.6556823244582972
910,SUMATERA UTARA,KAB. BATU BARA,0.0,0.9300986806159441,-0.9300986806159441
60885,ACEH,KAB. PIDIE JAYA,0.132,128.55787126724692,3.4421287327530763
28962,JAWA TENGAH,KAB. KEBUMEN,0.132,43.39575197264407,88.60424802735594
81959,SULAWESI TENGGARA,KAB. KONAWE SELATAN,0.264,248.44553907902383,15.554460920976169
19446,RIAU,KAB. ROKAN HULU,1.056,1004.2376867676595,51.76231323234049
46050,ACEH,KAB. ACEH TENGAH,1.848,1741.5595173679185,106.44048263208151
51456,SUMATERA BARAT,KOTA PADANG,0.0,16.381338739568218,-16.381338739568218
81618,NUSA TENGGARA TIMUR,KAB. LEMBATA,0.132,116.13781068511454,15.862189314885455
51836,ACEH,KAB. ACEH BESAR,0.528,583.2618063770617,-55.2618063770617
48059,SUMATERA UTARA,KAB. KARO,0.0,55.28364031790565,-55.28364031790565
46483,SULAWESI TENGGARA,KAB. BUTON TENGAH,3.96,3422.1492607289724,537.8507392710276
74691,JAWA TENGAH,KAB. PEKALONGAN,0.396,359.085397266687,36.91460273331302
34445,MALUKU UTARA,KAB. HALMAHERA TENGAH,0.396,306.5339123721843,89.46608762781568
32393,SULAWESI TENGAH,KAB. MOROWALI,0.132,20.167946607966513,111.83205339203349
52132,ACEH,KAB. ACEH TAMIANG,0.0,140.33627457595387,-140.33627457595387
9293,LAMPUNG,KAB. MESUJI,0.0,47.48945841862918,-47.48945841862918
5759,GORONTALO,KAB. BONE BOLANGO,0.132,10.28166297980857,121.71833702019143
44677,SUMATERA BARAT,KOTA PARIAMAN,0.0,42.452889121317725,-42.452889121317725
8926,JAWA TENGAH,KAB. TEGAL,0.264,341.2631564610015,-77.26315646100147
36694,NUSA TENGGARA TIMUR,KAB. ROTE NDAO,0.528,516.7053671993215,11.294632800678528
50627,SULAWESI TENGAH,KAB. MOROWALI UTARA,2.64,2495.76364309482,144.23635690517995
21567,MALUKU,KAB. BURU,3.696,3791.7674031321085,-95.76740313210848
56871,SULAWESI TENGAH,KAB. SIGI,0.264,149.71633149666235,114.28366850333765
76336,KALIMANTAN BARAT,KAB. SANGGAU,0.132,110.45195328605229,21.548046713947713
25336,SUMATERA UTARA,KAB. DELI SERDANG,0.132,120.14899422891855,11.851005771081446
85139,RIAU,KAB. SIAK,0.264,276.342863275803,-12.342863275802983
43405,SUMATERA UTARA,KAB. SIMALUNGUN,0.132,55.586959328355476,76.41304067164452
71252,KALIMANTAN UTARA,KAB. MALINAU,0.264,227.11583430733313,36.88416569266687
4974,SUMATERA SELATAN,KOTA LUBUK LINGGAU,0.0,20.120248940397573,-20.120248940397573
35923,SUMATERA UTARA,KAB. SERDANG BEDAGAI,1.98,2091.3678517453536,-111.36785174535362
23912,JAWA TIMUR,KAB. MALANG,0.132,80.32136848822776,51.67863151177224
2760,JAWA TENGAH,KAB. BANJARNEGARA,0.0,34.380979227391435,-34.380979227391435
38559,RIAU,KAB. INDRAGIRI HULU,0.396,339.44624143172615,56.55375856827385
63749,KALIMANTAN SELATAN,KAB. TABALONG,0.0,50.87961137043972,-50.87961137043972
17985,SULAWESI TENGGARA,KAB. KONAWE,0.528,454.0720366202029,73.92796337979712
21388,ACEH,KAB. ACEH TENGAH,0.0,53.91379464326374,-53.91379464326374
77187,ACEH,KAB. PIDIE,0.132,217.23317183895557,-85.23317183895557
29057,JAWA TENGAH,KAB. BATANG,0.0,13.214610221857646,-13.214610221857646
71277,SULAWESI SELATAN,KAB. BULUKUMBA,0.132,230.1149900081841,-98.1149900081841
28400,SUMATERA SELATAN,KAB. EMPAT LAWANG,2.64,2578.273285677261,61.7267143227391
61660,RIAU,KAB. INDRAGIRI HULU,0.0,63.8517985327574,-63.8517985327574
25500,DKI JAKARTA,KOTA ADM. JAKARTA UTARA,0.0,3.85243906839779,-3.85243906839779
90692,PAPUA BARAT,KAB. PEGUNUNGAN ARFAK,2.112,1948.4401768004852,163.55982319951477
1397,SUMATERA SELATAN,KAB. PENUKAL ABAB LEMATANG ILIR,0.66,725.9759531967964,-65.97595319679635
1857,LAMPUNG,KAB. TULANG BAWANG,1.716,1517.8176997925693,198.18230020743067
54323,SUMATERA UTARA,KAB. SIMALUNGUN,0.0,23.44293224382139,-23.44293224382139
73866,NUSA TENGGARA BARAT,KAB. LOMBOK TENGAH,0.0,11.997795002711825,-11.997795002711825
21550,KALIMANTAN BARAT,KAB. LANDAK,0.264,213.53864900499383,50.46135099500617
16632,DAERAH ISTIMEWA YOGYAKARTA,KAB. KULON PROGO,0.0,11.141263117404973,-11.141263117404973
39125,KEPULAUAN RIAU,KOTA BATAM,0.132,154.14119147725253,-22.141191477252534
68306,ACEH,KAB. ACEH BARAT,0.528,527.4279009654971,0.5720990345029122
11515,ACEH,KAB. ACEH BARAT,0.132,106.00311917267715,25.996880827322855
44393,SULAWESI SELATAN,KAB. BONE,0.264,255.07136359066297,8.928636409337031
23735,LAMPUNG,KAB. LAMPUNG SELATAN,0.0,3.9896114345778457,-3.9896114345778457
46871,SULAWESI SELATAN,KAB. ENREKANG,0.924,833.8625713691258,90.13742863087418
8308,JAWA TIMUR,KAB. KEDIRI,0.132,118.5664480733315,13.4335519266685
23041,JAWA TIMUR,KAB. SIDOARJO,0.132,88.87473233676435,43.12526766323565
76626,JAWA BARAT,KAB. PURWAKARTA,0.792,765.9160811799427,26.083918820057306
1691,LAMPUNG,KAB. TANGGAMUS,0.0,42.2810536113123,-42.2810536113123
2095,LAMPUNG,KAB. TANGGAMUS,0.0,15.92751945058603,-15.92751945058603
75170,ACEH,KAB. ACEH TIMUR,0.396,471.8715025956016,-75.87150259560161
45300,JAWA BARAT,KAB. CIREBON,0.0,53.764055393958984,-53.764055393958984
75384,JAWA BARAT,KAB. KUNINGAN,0.0,5.880164379022919,-5.880164379022919
143,GORONTALO,KAB. BONE BOLANGO,0.264,330.3574775438365,-66.35747754383652
18693,SUMATERA SELATAN,KOTA LUBUK LINGGAU,0.0,7.966186324957406,-7.966186324957406
58799,BALI,KAB. BULELENG,0.0,10.975622241700764,-10.975622241700764
85745,PAPUA BARAT,KAB. TELUK BINTUNI,1.98,1890.4331106118605,89.56688938813954
91616,PAPUA PEGUNUNGAN,KAB. PEGUNUNGAN BINTANG,2.376,2453.1982184543554,-77.19821845435536
76650,JAWA BARAT,KAB. KARAWANG,0.396,304.5289463931222,91.47105360687777
30594,SUMATERA UTARA,KAB. TAPANULI UTARA,0.264,244.0974338033989,19.9025661966011
78728,MALUKU UTARA,KAB. PULAU TALIABU,0.0,47.32997950584587,-47.32997950584587
52769,JAWA TENGAH,KAB. PURBALINGGA,0.0,57.02115944594047,-57.02115944594047
15624,JAWA TENGAH,KAB. BREBES,0.0,105.31445914767262,-105.31445914767262
48423,KALIMANTAN BARAT,KAB. MELAWI,0.792,676.6518154029883,115.34818459701171
78355,SULAWESI UTARA,KAB. MINAHASA TENGGARA,0.0,6.559347073689688,-6.559347073689688
86538,NUSA TENGGARA BARAT,KAB. BIMA,0.0,29.585327604672944,-29.585327604672944
3035,SUMATERA SELATAN,KAB. OGAN ILIR,0.396,288.5794852200637,107.4205147799363
71996,BENGKULU,KAB. LEBONG,0.528,560.8771802210731,-32.877180221073104
43332,ACEH,KAB. PIDIE JAYA,0.0,11.363963934227568,-11.363963934227568
59222,SULAWESI TENGAH,KAB. POSO,0.132,81.78435967919937,50.21564032080063
4599,JAWA TIMUR,KAB. BANGKALAN,0.0,16.753650755747554,-16.753650755747554
64726,SUMATERA SELATAN,KAB. OGAN KOMERING ILIR,0.132,37.37586381376888,94.62413618623111
87593,PAPUA TENGAH,KAB. PUNCAK JAYA,2.508,2607.2873857334184,-99.28738573341843
81461,ACEH,KAB. ACEH BESAR,0.132,36.91684933126501,95.08315066873499
4609,JAWA TENGAH,KAB. BLORA,0.0,25.045994330061426,-25.045994330061426
14367,JAWA TENGAH,KOTA SEMARANG,0.0,10.978829095954382,-10.978829095954382
19136,ACEH,KOTA BANDA ACEH,0.0,9.749079530247261,-9.749079530247261
26303,JAWA TIMUR,KAB. BONDOWOSO,0.396,395.99959715980697,0.00040284019303271634
77798,SULAWESI UTARA,KAB. MINAHASA,0.0,24.898790585695604,-24.898790585695604
36976,BANTEN,KOTA TANGERANG SELATAN,0.0,14.47386905135638,-14.47386905135638
81403,NUSA TENGGARA TIMUR,KAB. TIMOR TENGAH SELATAN,0.264,297.11020406179017,-33.11020406179017
87877,PAPUA BARAT DAYA,KAB. MAYBRAT,0.66,579.5523631328322,80.44763686716783
89586,PAPUA PEGUNUNGAN,KAB. YALIMO,0.132,141.84779722418503,-9.84779722418503
62601,BANTEN,KAB. SERANG,0.132,147.45433365764174,-15.45433365764174
25998,BENGKULU,KAB. REJANG LEBONG,5.016,4666.246262449282,349.75373755071814
66533,JAWA TENGAH,KAB. TEMANGGUNG,0.132,137.8492233604302,-5.849223360430187
66135,GORONTALO,KAB. BONE BOLANGO,0.528,468.0437028004082,59.9562971995918
25541,SUMATERA UTARA,KAB. LABUHANBATU UTARA,1.716,1931.3781830788896,-215.3781830788896
10700,BANTEN,KAB. PANDEGLANG,0.264,229.58261634356012,34.41738365643988
33262,JAWA TENGAH,KAB. KEBUMEN,0.0,10.49798534698344,-10.49798534698344
21513,KALIMANTAN UTARA,KAB. BULUNGAN,0.0,13.064762977237713,-13.064762977237713
69601,JAWA TIMUR,KAB. TUBAN,0.792,599.9692927321498,192.03070726785018
30045,JAWA TIMUR,KAB. JEMBER,0.132,121.50966003568948,10.490339964310522
11900,KEPULAUAN BANGKA BELITUNG,KAB. BANGKA TENGAH,0.0,61.98417658364441,-61.98417658364441
24693,DKI JAKARTA,KOTA ADM. JAKARTA PUSAT,0.0,16.231759849441534,-16.231759849441534
50530,DAERAH ISTIMEWA YOGYAKARTA,KAB. SLEMAN,0.0,9.585518015685784,-9.585518015685784
80733,KALIMANTAN UTARA,KAB. BULUNGAN,0.528,497.5526840406498,30.447315959350192
58339,ACEH,KAB. ACEH UTARA,0.0,21.666515301118174,-21.666515301118174
30998,KALIMANTAN SELATAN,KAB. BALANGAN,0.132,101.73196770167432,30.26803229832568
89672,PAPUA TENGAH,KAB. INTAN JAYA,1.452,1431.8125786089838,20.187421391016187
43695,JAWA TENGAH,KAB. KLATEN,0.0,21.07892014716053,-21.07892014716053
17651,BANTEN,KAB. TANGERANG,0.264,275.09281463319655,-11.092814633196554
859,LAMPUNG,KAB. LAMPUNG UTARA,0.0,52.731529821683665,-52.731529821683665
79182,ACEH,KAB. ACEH TIMUR,0.0,45.56984752128133,-45.56984752128133
27605,LAMPUNG,KAB. LAMPUNG TENGAH,0.0,16.388532215014752,-16.388532215014752
85447,ACEH,KAB. ACEH UTARA,0.0,0.9264711741359204,-0.9264711741359204
15385,JAWA TENGAH,KAB. SRAGEN,0.132,81.69206746028327,50.30793253971673
65232,JAWA TENGAH,KAB. KEBUMEN,0.528,596.600852352876,-68.60085235287602
1121,LAMPUNG,KAB. PRINGSEWU,0.0,17.57094308560701,-17.57094308560701
24403,SUMATERA UTARA,KOTA MEDAN,0.0,18.860346751652553,-18.860346751652553
8378,SULAWESI TENGGARA,KAB. KOLAKA UTARA,0.0,17.019864674450364,-17.019864674450364
23455,KEPULAUAN RIAU,KOTA BATAM,1.584,1642.9728097573652,-58.97280975736521
54146,PAPUA BARAT,KAB. MANOKWARI,0.0,24.42215293191197,-24.42215293191197
59210,SULAWESI UTARA,KAB. KEPULAUAN SANGIHE,1.584,1615.5246463010055,-31.524646301005532
35701,JAWA BARAT,KAB. SUMEDANG,0.0,73.59144674402191,-73.59144674402191
55140,NUSA TENGGARA TIMUR,KAB. MANGGARAI,0.132,131.73079978225005,0.2692002177499546
53261,ACEH,KAB. ACEH SELATAN,0.396,372.1841011785253,23.81589882147472
51119,JAWA TENGAH,KAB. KLATEN,0.0,16.86022906345568,-16.86022906345568
51245,NUSA TENGGARA TIMUR,KAB. MANGGARAI BARAT,0.132,131.66763830518357,0.3323616948164272
15965,JAWA TENGAH,KAB. KARANGANYAR,0.0,34.32802739910574,-34.32802739910574
59577,BENGKULU,KAB. SELUMA,0.0,41.48428855387676,-41.48428855387676
74304,ACEH,KAB. ACEH BARAT DAYA,0.0,53.53626915765412,-53.53626915765412
31837,SUMATERA UTARA,KAB. SERDANG BEDAGAI,0.0,15.18430128148104,-15.18430128148104
27733,KALIMANTAN SELATAN,KAB. BALANGAN,0.0,10.173984842838976,-10.173984842838976
51708,JAWA BARAT,KAB. TASIKMALAYA,0.0,13.551893183481708,-13.551893183481708
2844,KEPULAUAN BANGKA BELITUNG,KAB. BANGKA SELATAN,0.66,581.6994826155355,78.30051738446446
73588,JAWA TENGAH,KAB. PEMALANG,0.396,427.4975875240288,-31.497587524028802
39871,KEPULAUAN BANGKA BELITUNG,KAB. BELITUNG TIMUR,1.98,1665.4123147741677,314.5876852258323
52657,JAWA TENGAH,KAB. WONOSOBO,0.0,9.612708277293772,-9.612708277293772
48601,RIAU,KAB. KAMPAR,0.528,620.4528056844298,-92.45280568442979
59363,SULAWESI SELATAN,KAB. TORAJA UTARA,0.0,27.848096067443038,-27.848096067443038
83002,ACEH,KAB. ACEH TIMUR,0.132,130.91505192286837,1.084948077131628
39199,JAMBI,KAB. MUARO JAMBI,0.264,280.34635266423567,-16.346352664235667
15777,JAWA TENGAH,KAB. SRAGEN,0.0,41.54006214945425,-41.54006214945425
88138,MALUKU UTARA,KAB. HALMAHERA BARAT,0.528,470.9039800137113,57.096019986288695
9214,JAWA TIMUR,KAB. PROBOLINGGO,0.0,21.931734872212918,-21.931734872212918
89762,PAPUA BARAT DAYA,KAB. SORONG,0.396,348.71070985830085,47.289290141699155
19395,SUMATERA SELATAN,KAB. EMPAT LAWANG,0.0,3.8053476387509293,-3.8053476387509293
11936,SUMATERA UTARA,KAB. TAPANULI SELATAN,0.0,77.56109802104271,-77.56109802104271
25153,KALIMANTAN BARAT,KAB. SINTANG,0.132,43.28520660510307,88.71479339489693
43184,JAWA TENGAH,KAB. PURWOREJO,0.0,53.64302615889068,-53.64302615889068
33985,JAWA TIMUR,KAB. MALANG,0.132,80.46987420706041,51.530125792939586
32738,JAWA TENGAH,KAB. BANJARNEGARA,0.132,125.99490851958262,6.005091480417377
17048,KALIMANTAN SELATAN,KAB. BARITO KUALA,0.792,628.9498038357149,163.05019616428513
31089,JAWA BARAT,KAB. BEKASI,0.0,68.46287259837365,-68.46287259837365
51673,KALIMANTAN SELATAN,KAB. BANJAR,0.0,6.372993946488443,-6.372993946488443
57140,KALIMANTAN SELATAN,KAB. BANJAR,0.132,24.445241763437146,107.55475823656286
16936,ACEH,KAB. BIREUEN,0.0,59.0338922342384,-59.0338922342384
48311,DAERAH ISTIMEWA YOGYAKARTA,KOTA YOGYAKARTA,0.0,9.67245709799533,-9.67245709799533
68309,JAWA TENGAH,KAB. WONOSOBO,0.132,115.06036264410102,16.93963735589898
8901,SUMATERA SELATAN,KAB. OKU TIMUR,0.0,48.436156335862066,-48.436156335862066
12479,SULAWESI UTARA,KAB. MINAHASA UTARA,0.132,93.02586187768361,38.97413812231639
7824,SULAWESI TENGGARA,KAB. KOLAKA,0.264,229.89185723360902,34.10814276639098
81235,BENGKULU,KAB. BENGKULU UTARA,0.132,153.03260178712682,-21.032601787126822
36011,BENGKULU,KAB. KEPAHIANG,0.132,91.12457147972246,40.87542852027754
15316,ACEH,KAB. ACEH BARAT,0.0,40.68994555006791,-40.68994555006791
84614,SUMATERA BARAT,KAB. KEPULAUAN MENTAWAI,0.132,209.03202919486512,-77.03202919486512
93075,PAPUA PEGUNUNGAN,KAB. JAYAWIJAYA,0.132,227.72340336005487,-95.72340336005487
63183,KEPULAUAN RIAU,KAB. KARIMUN,0.0,27.36860878191565,-27.36860878191565
88267,PAPUA,KAB. SUPIORI,0.132,47.6462991121377,84.3537008878623
50789,SULAWESI BARAT,KAB. POLEWALI MANDAR,0.528,528.1600356580212,-0.1600356580212292
51419,JAWA TENGAH,KAB. KEBUMEN,0.132,195.66500882050178,-63.66500882050178
53042,JAWA TIMUR,KOTA PASURUAN,0.0,54.77111899113012,-54.77111899113012
44492,ACEH,KAB. ACEH TENGGARA,4.884,4765.2497857828475,118.75021421715246
63457,JAWA TIMUR,KAB. SUMENEP,0.0,33.45573982160175,-33.45573982160175
31337,SUMATERA UTARA,KAB. KARO,0.132,27.0492815593968,104.9507184406032
50311,SULAWESI SELATAN,KAB. JENEPONTO,0.132,153.23949717327363,-21.239497173273634
55649,SUMATERA UTARA,KAB. PADANG LAWAS UTARA,0.0,48.52944133442726,-48.52944133442726
30312,SUMATERA BARAT,KAB. KEPULAUAN MENTAWAI,3.564,3539.695764049349,24.30423595065122
87252,SULAWESI UTARA,KAB. KEPULAUAN SANGIHE,0.528,475.1485605520557,52.8514394479443
18972,KALIMANTAN SELATAN,KAB. BARITO KUALA,0.0,0.47785981173854697,-0.47785981173854697
85463,SULAWESI TENGGARA,KAB. KONAWE UTARA,0.528,486.8637379473125,41.13626205268753
35436,JAWA TENGAH,KAB. WONOGIRI,0.0,16.173968623794348,-16.173968623794348
93576,PAPUA,KAB. BIAK NUMFOR,0.132,132.6541887051109,-0.6541887051108972
31041,SUMATERA UTARA,KAB. MANDAILING NATAL,2.244,2082.4058920548873,161.59410794511268
26321,JAWA TIMUR,KAB. TUBAN,0.0,25.050049457326633,-25.050049457326633
49607,JAWA TENGAH,KAB. PEMALANG,0.0,54.482137479514684,-54.482137479514684
19934,KALIMANTAN TIMUR,KAB. PASER,0.132,175.7446203282779,-43.744620328277904
87069,PAPUA BARAT DAYA,KAB. MAYBRAT,0.66,701.3986125877918,-41.39861258779183
57462,GORONTALO,KAB. GORONTALO UTARA,0.66,625.2697087047638,34.73029129523616
17963,KALIMANTAN SELATAN,KAB. BARITO KUALA,1.32,1241.9829547546517,78.0170452453483
53289,BALI,KAB. TABANAN,0.0,5.613493329437387,-5.613493329437387
77875,SULAWESI TENGAH,KAB. PARIGI MOUTONG,1.188,1114.2294068116066,73.77059318839338
11171,SUMATERA SELATAN,KAB. BANYUASIN,0.0,10.267217651601973,-10.267217651601973
14574,JAWA TENGAH,KAB. MAGELANG,0.0,4.595318596125449,-4.595318596125449
50217,BANTEN,KAB. LEBAK,0.396,374.7425886524392,21.257411347560776
24921,SUMATERA SELATAN,KAB. EMPAT LAWANG,3.432,3520.4535627765395,-88.45356277653946
88613,PAPUA PEGUNUNGAN,KAB. YALIMO,0.132,131.34987203007688,0.650127969923119
43304,ACEH,KAB. ACEH TAMIANG,0.0,35.05715855554233,-35.05715855554233
25219,JAWA TIMUR,KAB. PAMEKASAN,0.0,5.432754539920761,-5.432754539920761
68364,BALI,KAB. BULELENG,0.0,17.804804369055685,-17.804804369055685
57098,KALIMANTAN UTARA,KOTA TARAKAN,0.132,65.80944120878983,66.19055879121017
81430,NUSA TENGGARA BARAT,KAB. LOMBOK TENGAH,0.0,14.835016573238784,-14.835016573238784
59640,LAMPUNG,KAB. LAMPUNG TIMUR,0.0,28.62806502716599,-28.62806502716599
53798,SUMATERA UTARA,KAB. PADANG LAWAS,0.132,107.61940240643035,24.380597593569647
72255,ACEH,KAB. ACEH TIMUR,0.0,8.082796655506362,-8.082796655506362
6445,SUMATERA SELATAN,KAB. MUARA ENIM,0.132,40.53315262483639,91.46684737516361
2512,SUMATERA SELATAN,KAB. MUSI RAWAS,3.168,3179.1895542788875,-11.189554278887499
85585,ACEH,KAB. ACEH BARAT DAYA,0.132,202.68062520401955,-70.68062520401955
32705,NUSA TENGGARA TIMUR,KAB. SIKKA,0.0,3.0470001530345647,-3.0470001530345647
87244,PAPUA BARAT DAYA,KAB. MAYBRAT,0.132,166.33568327916916,-34.33568327916916
3497,JAWA TIMUR,KAB. SITUBONDO,0.132,117.61894862856958,14.381051371430416
1954,LAMPUNG,KAB. PRINGSEWU,0.0,54.20742334979774,-54.20742334979774
26077,SUMATERA SELATAN,KAB. OGAN KOMERING ILIR,0.264,199.49344883661956,64.50655116338044
84128,NUSA TENGGARA TIMUR,KAB. FLORES TIMUR,1.188,1156.3771756571505,31.622824342849526
38374,NUSA TENGGARA TIMUR,KAB. SUMBA TIMUR,0.264,224.7271209941827,39.27287900581729
68908,JAWA TIMUR,KAB. BOJONEGORO,0.0,0.20549784008672434,-0.20549784008672434
67952,SULAWESI TENGAH,KAB. TOJO UNA UNA,0.792,721.0625465795506,70.9374534204494
43995,JAWA TIMUR,KAB. TUBAN,0.132,50.09415036660354,81.90584963339646
25125,PAPUA,KAB. BIAK NUMFOR,1.716,1657.9810352656123,58.01896473438774
35048,JAWA TIMUR,KAB. BLITAR,0.0,19.80393823696076,-19.80393823696076
34155,JAWA TIMUR,KAB. MADIUN,0.0,16.64098751823599,-16.64098751823599
72238,SULAWESI TENGAH,KAB. MOROWALI,0.0,37.00640233844287,-37.00640233844287
9342,KALIMANTAN BARAT,KOTA SINGKAWANG,0.132,168.05675809217345,-36.05675809217345
36454,SUMATERA UTARA,KAB. NIAS SELATAN,0.0,66.32337219519123,-66.32337219519123
1058,SUMATERA SELATAN,KAB. PENUKAL ABAB LEMATANG ILIR,0.132,128.49984031504505,3.5001596849549514
44536,SUMATERA UTARA,KAB. PADANG LAWAS UTARA,1.452,1650.2235833897703,-198.22358338977028
45694,SUMATERA BARAT,KAB. AGAM,0.0,9.621486796361312,-9.621486796361312
17426,KALIMANTAN TENGAH,KAB. MURUNG RAYA,3.168,2825.3857943763237,342.6142056236763
50558,SUMATERA BARAT,KAB. LIMA PULUH KOTA,0.132,50.551586939493205,81.4484130605068
56801,NUSA TENGGARA TIMUR,KAB. SUMBA BARAT DAYA,0.0,47.3323707976882,-47.3323707976882
69346,JAWA TENGAH,KAB. KEBUMEN,0.0,16.47537842662917,-16.47537842662917
72919,JAWA TENGAH,KAB. TEMANGGUNG,0.0,39.60139362448135,-39.60139362448135
60794,SUMATERA SELATAN,KAB. OKU SELATAN,1.188,1101.846038045375,86.15396195462495
68320,RIAU,KAB. KUANTAN SINGINGI,2.508,2532.5017387451826,-24.501738745182593
9957,SUMATERA SELATAN,KAB. OKU TIMUR,0.528,524.6742734794628,3.3257265205371596
20626,DAERAH ISTIMEWA YOGYAKARTA,KAB. BANTUL,0.0,21.61515786882531,-21.61515786882531
83912,JAMBI,KAB. SAROLANGUN,0.396,339.43189042218046,56.56810957781954
66218,ACEH,KAB. GAYO LUES,0.132,140.79431791394734,-8.794317913947339
69276,SULAWESI UTARA,KOTA TOMOHON,0.0,12.541662784738735,-12.541662784738735
33580,SUMATERA UTARA,KAB. SIMALUNGUN,0.264,203.25872858707683,60.74127141292317
82425,ACEH,KAB. ACEH BARAT DAYA,2.112,1960.2578556950305,151.74214430496954
43786,JAWA TENGAH,KAB. DEMAK,0.0,24.12503527059001,-24.12503527059001
11617,BANTEN,KAB. LEBAK,0.396,285.19755233783536,110.80244766216464
11070,KALIMANTAN BARAT,KAB. KAYONG UTARA,0.132,104.17785184885201,27.822148151147985
92185,PAPUA SELATAN,KAB. MAPPI,0.0,89.30486038701643,-89.30486038701643
53801,PAPUA BARAT DAYA,KOTA SORONG,0.0,41.16345305481156,-41.16345305481156
10642,BALI,KAB. JEMBRANA,0.0,25.39120500596059,-25.39120500596059
31576,KALIMANTAN BARAT,KAB. SINTANG,0.396,361.2081064794202,34.79189352057978
16121,BENGKULU,KAB. BENGKULU SELATAN,0.528,494.6238345608389,33.37616543916113
2822,LAMPUNG,KAB. TULANG BAWANG,2.112,2113.459207086176,-1.4592070861758657
66482,JAWA BARAT,KAB. MAJALENGKA,0.0,34.16065592756809,-34.16065592756809
36082,KEPULAUAN BANGKA BELITUNG,KAB. BELITUNG,0.66,713.2071877687507,-53.207187768750714
50753,NUSA TENGGARA BARAT,KAB. SUMBAWA BARAT,0.0,14.06842905844386,-14.06842905844386
30753,SUMATERA SELATAN,KAB. EMPAT LAWANG,5.016,5064.586681284182,-48.586681284182305
33106,JAWA TENGAH,KAB. KLATEN,0.0,6.022570136953647,-6.022570136953647
92047,PAPUA PEGUNUNGAN,KAB. JAYAWIJAYA,2.508,2437.0159282241198,70.98407177588024
75735,SULAWESI SELATAN,KAB. LUWU,0.132,207.27005686104195,-75.27005686104195
75889,BANTEN,KOTA SERANG,0.0,3.8737304320744808,-3.8737304320744808
10305,KALIMANTAN BARAT,KAB. SAMBAS,0.264,298.6676334949626,-34.667633494962615
35449,SULAWESI TENGAH,KAB. TOLI-TOLI,0.0,11.089207791968017,-11.089207791968017
1836,KEPULAUAN BANGKA BELITUNG,KAB. BANGKA TENGAH,0.792,737.6464338225568,54.35356617744321
44318,JAWA BARAT,KAB. CIANJUR,0.0,20.549446953087028,-20.549446953087028
4823,LAMPUNG,KAB. LAMPUNG SELATAN,0.924,757.4142664722548,166.58573352774522
46322,JAWA BARAT,KAB. CIANJUR,0.0,11.625568562878021,-11.625568562878021
3600,LAMPUNG,KAB. LAMPUNG BARAT,0.132,77.6301914580303,54.369808541969704
51896,JAMBI,KAB. BATANG HARI,2.112,2029.553555237885,82.4464447621151
41838,JAWA TIMUR,KAB. MADIUN,0.132,137.72429391674757,-5.72429391674757
7836,LAMPUNG,KAB. PESISIR BARAT,0.132,114.97900999603145,17.02099000396855
60101,SULAWESI UTARA,KAB. KEPULAUAN TALAUD,3.168,3224.6151153843875,-56.615115384387536
50445,SULAWESI TENGAH,KAB. TOLI-TOLI,0.528,456.1656445106742,71.83435548932579
7413,SUMATERA UTARA,KAB. MANDAILING NATAL,0.264,268.5162247155639,-4.516224715563908
81796,JAMBI,KAB. TANJUNG JABUNG TIMUR,2.64,2706.558491814664,-66.5584918146642
961,JAWA TIMUR,KAB. MALANG,0.264,214.63251775253335,49.367482247466654
50179,SULAWESI SELATAN,KAB. JENEPONTO,0.396,378.09655732352024,17.903442676479756
31489,SUMATERA BARAT,KAB. PESISIR SELATAN,0.132,42.78112063288129,89.21887936711872
76957,SULAWESI UTARA,KAB. MINAHASA,0.0,5.429748831954497,-5.429748831954497
67104,ACEH,KAB. ACEH TIMUR,0.924,937.19056153522,-13.190561535220013
2733,MALUKU UTARA,KAB. HALMAHERA UTARA,0.0,31.683149938772406,-31.683149938772406
8229,SUMATERA UTARA,KAB. TAPANULI SELATAN,0.0,4.701033210712837,-4.701033210712837
63833,SULAWESI SELATAN,KAB. LUWU TIMUR,0.924,914.9231745496527,9.076825450347314
79304,ACEH,KAB. PIDIE,0.132,117.86974632192087,14.130253678079129
18067,JAWA TENGAH,KOTA SEMARANG,0.0,9.900141774484053,-9.900141774484053
91799,JAMBI,KAB. MUARO JAMBI,0.132,115.44446246465372,16.555537535346275
4517,ACEH,KAB. BENER MERIAH,0.132,235.56637471101794,-103.56637471101794
60021,NUSA TENGGARA TIMUR,KAB. MANGGARAI,0.264,192.30013577744123,71.69986422255877
37252,ACEH,KAB. BIREUEN,0.0,14.546171724862784,-14.546171724862784
23543,ACEH,KOTA BANDA ACEH,0.0,4.700591286801848,-4.700591286801848
28817,JAWA TENGAH,KAB. WONOGIRI,0.0,88.00417289576052,-88.00417289576052
60177,SULAWESI BARAT,KAB. POLEWALI MANDAR,0.396,272.7077779423995,123.2922220576005
23316,BANTEN,KAB. PANDEGLANG,0.0,11.681905576251294,-11.681905576251294
74164,BANTEN,KAB. TANGERANG,0.0,1.2380574283788532,-1.2380574283788532
16339,SUMATERA UTARA,KAB. TAPANULI SELATAN,3.036,3235.185669654243,-199.18566965424316
79115,LAMPUNG,KAB. TANGGAMUS,0.0,5.640279593237148,-5.640279593237148
62240,JAWA TENGAH,KAB. KENDAL,0.66,524.8631256447972,135.13687435520285
87469,MALUKU UTARA,KOTA TERNATE,0.132,167.56138782300934,-35.56138782300934
26880,JAWA TIMUR,KAB. SUMENEP,0.132,85.32782070533969,46.67217929466031
22071,SULAWESI TENGAH,KAB. BANGGAI,3.828,3984.8657907891316,-156.86579078913155
74900,JAWA BARAT,KAB. SUBANG,0.0,91.69625756861358,-91.69625756861358
37232,KALIMANTAN SELATAN,KAB. BARITO KUALA,0.132,213.68035735342735,-81.68035735342735
20794,JAWA BARAT,KAB. GARUT,0.0,26.215784139792515,-26.215784139792515
29437,ACEH,KOTA BANDA ACEH,0.0,2.564741325717691,-2.564741325717691
27954,JAWA TIMUR,KAB. KEDIRI,0.0,20.65287307559842,-20.65287307559842
53407,NUSA TENGGARA TIMUR,KAB. NGADA,1.716,1508.8828387969086,207.11716120309143
79375,ACEH,KAB. ACEH UTARA,0.0,27.38370183612819,-27.38370183612819
53457,KALIMANTAN BARAT,KAB. KUBU RAYA,3.432,3591.1318840155304,-159.13188401553043
53288,BALI,KAB. BULELENG,0.132,81.32902954824958,50.67097045175042
65806,KALIMANTAN BARAT,KAB. KETAPANG,0.264,145.18646837570054,118.81353162429946
49479,SULAWESI BARAT,KAB. MAMASA,0.264,240.7935930389364,23.206406961063607
55906,JAWA TIMUR,KAB. LUMAJANG,0.0,19.742691716044966,-19.742691716044966
79476,SUMATERA UTARA,KAB. PADANG LAWAS UTARA,0.396,340.9766601937607,55.02333980623928
28035,LAMPUNG,KAB. PESAWARAN,0.0,7.613890337831489,-7.613890337831489
10576,SUMATERA SELATAN,KAB. LAHAT,0.0,19.35629335145465,-19.35629335145465
90030,SULAWESI UTARA,KAB. KEPULAUAN SANGIHE,1.452,1359.1306938874827,92.86930611251728
45377,BALI,KAB. BANGLI,0.0,90.07715280900821,-90.07715280900821
19650,JAWA BARAT,KOTA TASIKMALAYA,0.0,19.058994651514094,-19.058994651514094
39933,SUMATERA UTARA,KAB. MANDAILING NATAL,2.772,2570.9619355907867,201.03806440921335
25722,JAWA TENGAH,KAB. KEBUMEN,0.132,95.68031664023853,36.31968335976147
71234,BANTEN,KAB. SERANG,0.132,174.74294106219094,-42.74294106219094
74307,SUMATERA UTARA,KAB. TAPANULI TENGAH,0.132,152.5138923579684,-20.513892357968388
76795,JAWA TENGAH,KAB. PURWOREJO,0.0,67.27530544459503,-67.27530544459503
11653,MALUKU UTARA,KAB. HALMAHERA TENGAH,3.432,3183.7985273763625,248.20147262363753
18929,PAPUA TENGAH,KAB. MIMIKA,2.376,2500.418126793087,-124.41812679308714
36301,SUMATERA UTARA,KAB. SAMOSIR,0.132,158.45467200814596,-26.454672008145963
73451,SULAWESI SELATAN,KAB. BONE,0.0,1.4182030368238405,-1.4182030368238405
6037,RIAU,KAB. BENGKALIS,1.848,1756.2387539192925,91.76124608070745
44220,NUSA TENGGARA BARAT,KAB. LOMBOK TIMUR,0.264,208.7898381176631,55.210161882336905
25354,SULAWESI TENGGARA,KAB. BOMBANA,0.0,11.03587444463255,-11.03587444463255
22713,DKI JAKARTA,KOTA ADM. JAKARTA SELATAN,0.0,4.595185416987441,-4.595185416987441
17703,JAWA TIMUR,KAB. SAMPANG,0.0,4.040643999520056,-4.040643999520056
21499,SUMATERA SELATAN,KAB. MUSI BANYUASIN,0.264,319.7903506390211,-55.790350639021085
38003,SULAWESI UTARA,KAB. MINAHASA TENGGARA,4.752,4837.557589179078,-85.5575891790777
15872,NUSA TENGGARA TIMUR,KAB. KUPANG,0.792,784.6295056785109,7.3704943214891045
52739,JAWA TENGAH,KAB. CILACAP,0.0,27.58340050772269,-27.58340050772269
70108,ACEH,KAB. NAGAN RAYA,0.396,425.1993067967739,-29.199306796773897
17970,SUMATERA SELATAN,KAB. OGAN KOMERING ULU,2.64,2369.129116648239,270.8708833517612
68143,SUMATERA UTARA,KOTA PEMATANGSIANTAR,0.0,22.612196821957667,-22.612196821957667
8346,JAWA TIMUR,KAB. PACITAN,0.132,231.81945260991364,-99.81945260991364
65723,NUSA TENGGARA TIMUR,KAB. FLORES TIMUR,0.528,488.59657835797043,39.40342164202957
8397,SULAWESI BARAT,KAB. MAMASA,1.056,878.7882046816165,177.21179531838345
35730,KEPULAUAN BANGKA BELITUNG,KAB. BANGKA BARAT,0.264,260.80723222285553,3.192767777144468
72123,JAWA TENGAH,KAB. PURWOREJO,0.0,31.78202642560565,-31.78202642560565
914,JAWA TIMUR,KAB. GRESIK,0.0,41.45579514838473,-41.45579514838473
74988,LAMPUNG,KAB. LAMPUNG TIMUR,0.132,83.82481368008466,48.17518631991534
26636,NUSA TENGGARA BARAT,KAB. LOMBOK TIMUR,0.132,105.14716994830633,26.852830051693672
26771,JAWA TIMUR,KAB. BANGKALAN,0.0,47.28841342363418,-47.28841342363418
76278,NUSA TENGGARA TIMUR,KAB. FLORES TIMUR,0.264,310.5806070956312,-46.580607095631194
76083,ACEH,KAB. ACEH BARAT,1.32,1144.6279153202875,175.37208467971254
64506,JAWA TENGAH,KAB. REMBANG,0.264,184.2314370495287,79.7685629504713
18753,SUMATERA UTARA,KAB. DELI SERDANG,1.188,1193.1407446614726,-5.140744661472581
75888,JAWA TIMUR,KAB. BONDOWOSO,1.716,1389.9847354993292,326.0152645006708
44257,KALIMANTAN BARAT,KAB. KUBU RAYA,2.64,2355.465001362471,284.53499863752904
70471,BENGKULU,KAB. BENGKULU UTARA,0.66,565.5408089935736,94.45919100642641
75628,KALIMANTAN BARAT,KAB. SINTANG,0.132,233.67797201324896,-101.67797201324896
3289,SUMATERA SELATAN,KAB. MUARA ENIM,0.0,6.302871189869747,-6.302871189869747
57136,SUMATERA SELATAN,KAB. OKU SELATAN,0.132,202.79310146177053,-70.79310146177053
59072,JAWA TENGAH,KAB. PURWOREJO,0.0,51.24806206337463,-51.24806206337463
18535,SULAWESI TENGGARA,KOTA BAU BAU,0.264,298.7048267620607,-34.70482676206069
15606,SULAWESI SELATAN,KAB. BONE,0.792,730.2980109449943,61.7019890550057
35118,NUSA TENGGARA BARAT,KAB. LOMBOK TENGAH,0.0,16.33346990272026,-16.33346990272026
76014,BENGKULU,KAB. BENGKULU UTARA,0.0,7.047498077541299,-7.047498077541299
12910,JAWA TENGAH,KAB. BLORA,0.0,17.603882366727483,-17.603882366727483
30142,NUSA TENGGARA BARAT,KAB. LOMBOK BARAT,0.264,179.99594988986777,84.00405011013223
84286,NUSA TENGGARA TIMUR,KAB. TIMOR TENGAH SELATAN,0.0,18.443793710637017,-18.443793710637017
9501,SUMATERA UTARA,KAB. BATU BARA,0.132,95.03564490243724,36.96435509756276
12021,SUMATERA UTARA,KOTA TEBING TINGGI,0.0,26.538799555527955,-26.538799555527955
88559,MALUKU UTARA,KAB. HALMAHERA SELATAN,1.98,2076.953856194987,-96.95385619498711
5769,ACEH,KAB. PIDIE,0.0,49.39563779184788,-49.39563779184788
61397,SULAWESI SELATAN,KAB. SINJAI,0.396,287.72687594045266,108.27312405954734
10790,SULAWESI BARAT,KAB. POLEWALI MANDAR,0.264,282.2984293394898,-18.298429339489815
49790,JAWA TIMUR,KAB. PAMEKASAN,0.0,6.737428841780201,-6.737428841780201
41432,SULAWESI TENGGARA,KAB. MUNA BARAT,0.132,50.02594335325957,81.97405664674042
45948,JAWA BARAT,KAB. SUMEDANG,0.0,53.65091075272363,-53.65091075272363
4173,LAMPUNG,KAB. TANGGAMUS,0.132,208.72518340453152,-76.72518340453152
87639,SUMATERA BARAT,KAB. PASAMAN BARAT,0.132,59.02085966111583,72.97914033888418
39519,KALIMANTAN TENGAH,KAB. BARITO UTARA,0.0,11.658909969502778,-11.658909969502778
38116,MALUKU UTARA,KAB. PULAU MOROTAI,1.056,975.39673549324,80.60326450675996
87009,PAPUA BARAT DAYA,KAB. MAYBRAT,0.396,448.63555890716873,-52.63555890716873
33059,JAWA BARAT,KAB. TASIKMALAYA,0.0,21.34627103144349,-21.34627103144349
2065,JAWA TENGAH,KAB. PATI,0.132,66.06856700387257,65.93143299612743
9240,KALIMANTAN SELATAN,KOTA BANJARMASIN,0.0,4.586405787476452,-4.586405787476452
80299,ACEH,KAB. PIDIE,0.396,467.8104538303938,-71.81045383039378
52074,ACEH,KAB. ACEH UTARA,0.0,97.25068733333688,-97.25068733333688
91776,RIAU,KAB. KAMPAR,0.0,31.653324663843865,-31.653324663843865
69066,MALUKU,KAB. MALUKU TENGGARA,0.924,862.4336853719865,61.566314628013515
2228,LAMPUNG,KAB. TULANG BAWANG,0.0,34.83574968493179,-34.83574968493179
79697,NUSA TENGGARA TIMUR,KAB. NGADA,0.924,781.9663817035313,142.03361829646872
18273,DAERAH ISTIMEWA YOGYAKARTA,KAB. BANTUL,0.0,30.582505318083474,-30.582505318083474
77410,BENGKULU,KAB. KEPAHIANG,0.132,124.81793377348936,7.182066226510642
51113,SUMATERA BARAT,KAB. PESISIR SELATAN,0.132,188.56636516351855,-56.566365163518554
42609,SULAWESI TENGAH,KAB. TOJO UNA UNA,1.584,1573.1277724001172,10.872227599882763
74428,BALI,KAB. KARANGASEM,0.0,17.29317104657679,-17.29317104657679
28222,JAWA TENGAH,KAB. CILACAP,0.132,115.23426492190102,16.765735078098984
43446,SUMATERA UTARA,KAB. SIMALUNGUN,0.264,239.68143079380945,24.318569206190546
59479,MALUKU UTARA,KAB. HALMAHERA UTARA,1.452,1500.1068122748666,-48.10681227486657
4178,BANTEN,KAB. TANGERANG,0.132,155.5857894835406,-23.585789483540594
75389,JAWA TENGAH,KAB. PURWOREJO,0.0,47.959266290132994,-47.959266290132994
5492,SUMATERA SELATAN,KAB. OGAN ILIR,0.66,662.7214739467447,-2.721473946744709
14528,JAWA TIMUR,KAB. BLITAR,0.0,9.157056091974866,-9.157056091974866
79927,NUSA TENGGARA TIMUR,KAB. NGADA,0.792,735.049820198564,56.95017980143598
43319,ACEH,KAB. ACEH TENGAH,0.0,22.019491170344622,-22.019491170344622
21135,SUMATERA SELATAN,KAB. MUSI RAWAS,4.752,4341.640057031959,410.35994296804074
30794,KEPULAUAN BANGKA BELITUNG,KOTA PANGKAL PINANG,0.0,11.754450435062346,-11.754450435062346
74799,JAWA BARAT,KAB. TASIKMALAYA,0.132,198.17262279929392,-66.17262279929392
63922,KALIMANTAN BARAT,KAB. MEMPAWAH,4.62,4302.522498721934,317.4775012780656
74998,KALIMANTAN BARAT,KAB. SANGGAU,0.0,2.2246995529088953,-2.2246995529088953
45827,PAPUA PEGUNUNGAN,KAB. TOLIKARA,4.224,4511.835013074553,-287.835013074553
5716,KEPULAUAN RIAU,KAB. BINTAN,0.924,892.0693436933161,31.930656306683886
56643,JAWA TENGAH,KAB. PURWOREJO,0.0,14.819856953250126,-14.819856953250126
7987,SUMATERA BARAT,KAB. SOLOK,0.66,679.414390040648,-19.41439004064796
66123,MALUKU UTARA,KAB. HALMAHERA TENGAH,1.056,1112.1322475356376,-56.13224753563759
33204,SULAWESI BARAT,KAB. MAMUJU,0.264,307.5932253518722,-43.593225351872206
104,JAWA BARAT,KAB. SUKABUMI,0.528,601.0989982122705,-73.09899821227054
49239,SUMATERA UTARA,KAB. ASAHAN,0.0,23.494509461574992,-23.494509461574992
80060,SUMATERA UTARA,KAB. PADANG LAWAS UTARA,3.564,3708.0009118261482,-144.00091182614824
43902,JAWA TIMUR,KAB. MOJOKERTO,0.0,6.471838392622683,-6.471838392622683
67815,RIAU,KAB. KUANTAN SINGINGI,2.508,2512.7402428116975,-4.740242811697499
45731,SULAWESI TENGAH,KAB. BANGGAI,0.924,867.9858900521316,56.014109947868405
48526,ACEH,KAB. PIDIE,0.0,0.17932380994879377,-0.17932380994879377
51397,SUMATERA UTARA,KAB. TAPANULI UTARA,1.452,1612.7122438254714,-160.71224382547143
42179,SULAWESI SELATAN,KAB. MAROS,0.132,171.88613840746916,-39.88613840746916
36096,LAMPUNG,KAB. PESAWARAN,0.0,40.126699738496704,-40.126699738496704
91431,PAPUA PEGUNUNGAN,KAB. YALIMO,2.376,2522.685065704107,-146.68506570410682
20618,JAWA TIMUR,KAB. JOMBANG,0.132,138.566507119705,-6.566507119704994
48880,JAWA BARAT,KAB. CIAMIS,0.0,22.102808033385624,-22.102808033385624
389,JAWA BARAT,KAB. SUKABUMI,0.0,64.57465701581025,-64.57465701581025
37109,SUMATERA UTARA,KAB. ASAHAN,0.0,45.753472659108816,-45.753472659108816
29863,BENGKULU,KAB. BENGKULU SELATAN,0.0,0.9643451258266065,-0.9643451258266065
87467,SULAWESI UTARA,KAB. KEPULAUAN SANGIHE,0.264,338.48268231952045,-74.48268231952045
63941,SULAWESI TENGAH,KAB. TOLI-TOLI,0.0,16.602501373725133,-16.602501373725133
86614,NUSA TENGGARA TIMUR,KAB. ENDE,0.0,16.572454342243848,-16.572454342243848
212,JAWA BARAT,KAB. SUKABUMI,0.0,7.169600137893374,-7.169600137893374
6762,JAWA TENGAH,KAB. KUDUS,0.0,17.85268946834634,-17.85268946834634
21259,KALIMANTAN SELATAN,KAB. TANAH BUMBU,0.0,10.477411012508307,-10.477411012508307
85653,SUMATERA UTARA,KAB. NIAS,0.132,77.21079221247253,54.789207787527474
14058,SULAWESI TENGGARA,KAB. KOLAKA TIMUR,0.528,532.0990867459773,-4.099086745977274
89662,PAPUA BARAT DAYA,KAB. SORONG SELATAN,0.792,833.1394499618698,-41.139449961869786
76655,JAWA TENGAH,KAB. PURWOREJO,0.132,143.01388940274387,-11.013889402743871
59566,ACEH,KAB. ACEH SELATAN,3.828,3762.235475141351,65.76452485864911
27752,KALIMANTAN BARAT,KAB. SAMBAS,0.264,283.65732764479145,-19.65732764479145
22157,DAERAH ISTIMEWA YOGYAKARTA,KAB. GUNUNG KIDUL,0.0,21.165854530624404,-21.165854530624404
78038,SUMATERA SELATAN,KAB. OKU SELATAN,3.3,3083.578605471141,216.42139452885885
79376,NUSA TENGGARA TIMUR,KAB. ENDE,0.528,615.994673696791,-87.99467369679098
29610,JAWA TIMUR,KAB. JOMBANG,0.0,31.0760017600107,-31.0760017600107
70564,PAPUA BARAT DAYA,KOTA SORONG,0.0,3.7274307535049,-3.7274307535049
15658,JAWA TIMUR,KAB. LAMONGAN,0.0,6.49760756180293,-6.49760756180293
9426,KALIMANTAN SELATAN,KOTA BANJARMASIN,0.0,13.44283906292425,-13.44283906292425
31500,JAWA TIMUR,KAB. SAMPANG,0.0,18.64076555769753,-18.64076555769753
16502,JAWA TIMUR,KAB. PROBOLINGGO,0.0,11.163294574387908,-11.163294574387908
65624,JAWA TENGAH,KAB. TEMANGGUNG,0.0,8.331995146166697,-8.331995146166697
74822,JAWA BARAT,KAB. KUNINGAN,0.792,635.6078610552341,156.39213894476586
14703,JAWA TIMUR,KAB. KEDIRI,0.0,24.277906340745087,-24.277906340745087
92931,PAPUA PEGUNUNGAN,KAB. YAHUKIMO,0.0,16.97487263341809,-16.97487263341809
45567,SUMATERA SELATAN,KAB. OKU SELATAN,0.132,99.83175561686983,32.16824438313017
86335,JAMBI,KAB. BUNGO,0.396,332.7204581701009,63.279541829899074
42489,SULAWESI UTARA,KAB. MINAHASA SELATAN,1.98,1966.3311056663224,13.6688943336776
81516,SULAWESI TENGGARA,KAB. KONAWE,0.396,417.93713604179834,-21.93713604179834
37159,JAWA TENGAH,KAB. CILACAP,0.0,14.820213012729281,-14.820213012729281
22513,KALIMANTAN BARAT,KAB. KETAPANG,0.528,555.1005487215706,-27.10054872157059
49094,BALI,KAB. BANGLI,0.132,47.269043077400134,84.73095692259986
51604,JAWA BARAT,KOTA BOGOR,0.264,269.6344965700987,-5.63449657009869
18184,KEPULAUAN BANGKA BELITUNG,KAB. BANGKA,0.0,37.06515888555495,-37.06515888555495
32753,SULAWESI TENGGARA,KAB. WAKATOBI,0.264,317.8260039772242,-53.82600397722422
32668,GORONTALO,KAB. GORONTALO UTARA,0.396,383.5688906628854,12.431109337114606
50551,SUMATERA UTARA,KAB. PADANG LAWAS UTARA,0.0,8.577745076078124,-8.577745076078124
29058,JAWA BARAT,KAB. BOGOR,0.0,69.56522281226445,-69.56522281226445
77724,NUSA TENGGARA TIMUR,KAB. TIMOR TENGAH SELATAN,0.264,179.16333362930996,84.83666637069004
93470,PAPUA BARAT DAYA,KAB. TAMBRAUW,4.488,4231.055898641134,256.94410135886574
91681,PAPUA TENGAH,KAB. PUNCAK JAYA,0.924,864.9283805001184,59.07161949988165
92107,PAPUA PEGUNUNGAN,KAB. YAHUKIMO,1.188,1220.0429459405332,-32.04294594053317
75463,SULAWESI BARAT,KAB. MAMASA,0.396,361.6145858301486,34.3854141698514
10590,SULAWESI TENGGARA,KAB. KONAWE SELATAN,0.132,80.26406388567936,51.73593611432064
929,JAWA TIMUR,KAB. GRESIK,0.0,11.49190995044586,-11.49190995044586
25561,NUSA TENGGARA TIMUR,KOTA KUPANG,0.0,2.2024316681079914,-2.2024316681079914
8278,SUMATERA UTARA,KAB. TAPANULI SELATAN,0.264,272.57592017407245,-8.57592017407245
31779,KALIMANTAN SELATAN,KAB. BANJAR,0.264,273.54742482489337,-9.547424824893369
20305,NUSA TENGGARA TIMUR,KAB. NGADA,1.32,1154.5395235617998,165.4604764382002
35268,SULAWESI BARAT,KAB. MAJENE,1.848,1662.864716696551,185.1352833034489
6764,JAWA TENGAH,KAB. PATI,0.0,9.399808226811933,-9.399808226811933
83651,JAWA BARAT,KAB. INDRAMAYU,0.0,27.27103316349981,-27.27103316349981
29552,ACEH,KOTA BANDA ACEH,0.0,36.10011338594077,-36.10011338594077
5627,SUMATERA SELATAN,KAB. OGAN KOMERING ULU,3.3,3016.850451519488,283.14954848051184
36276,ACEH,KAB. ACEH TAMIANG,0.132,121.73225114450706,10.26774885549294
72383,SULAWESI SELATAN,KAB. ENREKANG,0.132,158.74667212963197,-26.746672129631975
51369,KALIMANTAN TENGAH,KAB. KAPUAS,0.528,478.3326695863512,49.66733041364881
63035,ACEH,KAB. GAYO LUES,0.132,183.43185066010844,-51.43185066010844
27573,JAWA TIMUR,KAB. MALANG,0.0,20.636892553281385,-20.636892553281385
25368,PAPUA,KAB. KEPULAUAN YAPEN,1.848,1664.8607416765424,183.13925832345763
65518,SUMATERA UTARA,KOTA PEMATANGSIANTAR,0.0,17.43139720844696,-17.43139720844696
86623,PAPUA BARAT DAYA,KAB. SORONG,0.0,100.40617910392764,-100.40617910392764
16751,MALUKU UTARA,KOTA TIDORE KEPULAUAN,0.396,382.2824493069729,13.717550693027079
26103,SUMATERA UTARA,KAB. MANDAILING NATAL,0.0,114.38137708459323,-114.38137708459323
35083,JAWA TIMUR,KAB. BANGKALAN,0.0,3.0374607688653916,-3.0374607688653916
2522,SUMATERA SELATAN,KAB. OGAN ILIR,0.924,973.8174945546298,-49.817494554629775
92546,PAPUA SELATAN,KAB. MERAUKE,0.0,25.00930328161777,-25.00930328161777
86314,ACEH,KAB. ACEH BESAR,0.924,856.0623523258818,67.93764767411824
51429,KALIMANTAN TENGAH,KAB. KOTAWARINGIN TIMUR,1.848,1705.92784001979,142.07215998021002
70636,JAWA TENGAH,KAB. PURWOREJO,0.0,32.25241946416675,-32.25241946416675
20155,SULAWESI SELATAN,KAB. BONE,0.66,508.0091424803697,151.9908575196303
16123,JAWA TIMUR,KAB. KEDIRI,0.0,29.528404937865492,-29.528404937865492
66165,MALUKU UTARA,KAB. HALMAHERA UTARA,0.396,464.5370655550194,-68.53706555501941
71809,KALIMANTAN BARAT,KAB. MEMPAWAH,0.0,14.959877559441898,-14.959877559441898
78630,ACEH,KAB. SIMEULUE,0.0,4.602176098349073,-4.602176098349073
60683,KALIMANTAN SELATAN,KAB. HULU SUNGAI SELATAN,0.264,198.89426439562695,65.10573560437305
59620,KALIMANTAN BARAT,KAB. SEKADAU,0.264,221.0387606255133,42.961239374486695
58805,BANTEN,KAB. LEBAK,0.132,73.52763680063353,58.47236319936647
68109,ACEH,KAB. PIDIE,0.0,12.308253756249831,-12.308253756249831
66296,SUMATERA UTARA,KAB. ASAHAN,0.0,29.196287185019322,-29.196287185019322
49383,JAWA TENGAH,KAB. REMBANG,0.132,79.0880138925436,52.9119861074564
79823,NUSA TENGGARA TIMUR,KAB. MALAKA,0.132,115.84304844855262,16.156951551447378
30926,KEPULAUAN BANGKA BELITUNG,KOTA PANGKAL PINANG,0.0,31.91236399778066,-31.91236399778066
3380,LAMPUNG,KAB. LAMPUNG TIMUR,0.132,63.8589337260476,68.14106627395239
69358,JAWA TENGAH,KAB. GROBOGAN,0.0,62.346614867522234,-62.346614867522234
37040,JAWA TENGAH,KAB. KEBUMEN,0.0,32.07160115979609,-32.07160115979609
53242,BANTEN,KAB. LEBAK,0.924,979.792874362842,-55.792874362841985
83145,MALUKU,KAB. BURU SELATAN,1.716,1668.0605392987125,47.939460701287544
6890,KALIMANTAN TENGAH,KAB. KAPUAS,0.132,119.40388072658928,12.596119273410721
85522,PAPUA,KAB. KEEROM,0.0,17.66224516947098,-17.66224516947098
12699,SUMATERA SELATAN,KAB. MUARA ENIM,0.396,490.5022024550503,-94.50220245505028
70732,SULAWESI TENGAH,KAB. SIGI,0.792,711.4908837082087,80.50911629179132
10565,SULAWESI SELATAN,KOTA MAKASSAR,0.0,15.557133540691627,-15.557133540691627
15672,KALIMANTAN TENGAH,KAB. GUNUNG MAS,0.66,657.3304097341771,2.669590265822876
63435,BANTEN,KAB. SERANG,0.0,4.155091138114329,-4.155091138114329
413,JAWA BARAT,KAB. SUKABUMI,0.0,36.412923354225526,-36.412923354225526
34360,SULAWESI SELATAN,KAB. ENREKANG,0.0,81.7754918838187,-81.7754918838187
44164,NUSA TENGGARA BARAT,KAB. BIMA,4.092,3750.7004933867925,341.2995066132071
67494,PAPUA BARAT,KAB. FAK FAK,0.0,5.4815055943431235,-5.4815055943431235
78438,PAPUA BARAT,KAB. TELUK BINTUNI,1.32,1159.6654070047782,160.33459299522178
15821,JAWA TENGAH,KAB. SRAGEN,0.0,32.37443691144919,-32.37443691144919
76515,KALIMANTAN SELATAN,KAB. TAPIN,0.264,182.48473397788237,81.51526602211763
54430,ACEH,KAB. ACEH TAMIANG,0.0,3.999525024871084,-3.999525024871084
21274,JAWA BARAT,KAB. CIANJUR,0.0,16.36423842104416,-16.36423842104416
24129,JAWA TIMUR,KAB. PACITAN,0.396,320.7132098348193,75.28679016518072
18392,JAWA TENGAH,KAB. MAGELANG,0.132,159.24018134948284,-27.24018134948284
25548,KALIMANTAN BARAT,KAB. BENGKAYANG,0.396,422.5542884159891,-26.554288415989106
65191,JAWA TENGAH,KAB. KLATEN,0.0,14.34274723545446,-14.34274723545446
42663,JAWA BARAT,KAB. GARUT,0.0,34.624279686075646,-34.624279686075646
84861,SULAWESI UTARA,KAB. KEPULAUAN TALAUD,0.0,28.483510734183408,-28.483510734183408
68721,JAWA TENGAH,KAB. JEPARA,0.132,103.11347214982368,28.88652785017632
29318,RIAU,KAB. KAMPAR,1.188,1135.0263517038084,52.97364829619164
654,JAWA TIMUR,KAB. GRESIK,0.0,6.646167359934136,-6.646167359934136
82570,GORONTALO,KAB. GORONTALO UTARA,0.132,98.73933262768435,33.26066737231565
75256,JAMBI,KAB. TANJUNG JABUNG TIMUR,0.264,312.7134808853335,-48.713480885333524
43140,SUMATERA UTARA,KAB. PADANG LAWAS,0.0,3.552207567683393,-3.552207567683393
87791,PAPUA BARAT DAYA,KAB. SORONG,4.62,4673.623439525852,-53.62343952585161
70078,JAMBI,KAB. KERINCI,1.32,1168.0934456103842,151.90655438961585
67807,JAWA TENGAH,KAB. PURBALINGGA,0.132,105.18520608546606,26.814793914533936
60106,KALIMANTAN TENGAH,KAB. KOTAWARINGIN BARAT,0.132,165.80401156331155,-33.80401156331155
43504,SUMATERA UTARA,KAB. PAKPAK BHARAT,0.924,896.5175151441879,27.482484855812118
59411,SULAWESI TENGGARA,KAB. KONAWE UTARA,1.98,2010.1677595498431,-30.16775954984314
21119,JAWA TENGAH,KAB. WONOGIRI,0.132,144.28826823603495,-12.288268236034952
80485,JAMBI,KAB. BATANG HARI,0.924,1007.1262437425397,-83.12624374253971
51648,KALIMANTAN SELATAN,KAB. BANJAR,0.132,109.265645312615,22.734354687384993
88933,PAPUA SELATAN,KAB. BOVEN DIGOEL,3.432,3571.369527046059,-139.36952704605892
78803,JAWA TENGAH,KAB. BANYUMAS,0.132,93.28531538834528,38.71468461165472
79243,NUSA TENGGARA TIMUR,KAB. NGADA,0.132,117.19815839822256,14.80184160177744
15942,KALIMANTAN BARAT,KAB. KAPUAS HULU,4.752,4135.269206436014,616.7307935639856
90014,MALUKU UTARA,KOTA TERNATE,1.32,1222.5403178944102,97.45968210558976
20703,SULAWESI TENGAH,KAB. BANGGAI KEPULAUAN,0.0,62.661923276030514,-62.661923276030514
49650,ACEH,KAB. BIREUEN,0.132,58.22287650348725,73.77712349651276
79853,NUSA TENGGARA TIMUR,KAB. MANGGARAI TIMUR,0.132,196.45677195275917,-64.45677195275917
83477,JAMBI,KAB. MERANGIN,0.132,191.94298662870935,-59.94298662870935
73402,JAWA TENGAH,KAB. WONOSOBO,0.0,11.055908755224818,-11.055908755224818
2390,SULAWESI BARAT,KAB. MAMASA,2.904,2926.335612351649,-22.33561235164916
55242,JAWA TIMUR,KAB. NGAWI,0.0,24.663868234136267,-24.663868234136267
28505,KALIMANTAN SELATAN,KAB. BANJAR,0.0,7.069070040662924,-7.069070040662924
74441,JAWA TENGAH,KAB. PURWOREJO,0.0,42.351874334501865,-42.351874334501865
66931,KALIMANTAN BARAT,KAB. MEMPAWAH,0.0,6.006782961888284,-6.006782961888284
2958,SUMATERA SELATAN,KAB. OGAN ILIR,0.264,278.59697749940057,-14.596977499400566
25890,JAWA TENGAH,KAB. SRAGEN,0.0,8.69541721682082,-8.69541721682082
35591,SUMATERA UTARA,KAB. PADANG LAWAS,0.0,38.8980231506684,-38.8980231506684
51744,JAWA BARAT,KAB. CIREBON,0.0,8.86479174848723,-8.86479174848723
15713,ACEH,KAB. ACEH TENGAH,0.264,248.7649049398417,15.2350950601583
86146,KALIMANTAN TENGAH,KAB. BARITO SELATAN,1.848,1439.4502265145984,408.5497734854016
86889,NUSA TENGGARA TIMUR,KAB. LEMBATA,0.528,487.2073255395416,40.792674460458386
65511,SUMATERA UTARA,KAB. NIAS UTARA,0.132,26.403398550921008,105.59660144907899
47080,JAWA TENGAH,KAB. KENDAL,0.0,61.06132338438629,-61.06132338438629
51082,BALI,KAB. BANGLI,0.264,228.93601502568336,35.06398497431664
80986,SULAWESI SELATAN,KAB. LUWU,0.264,315.70901387765326,-51.70901387765326
75172,ACEH,KAB. ACEH BESAR,0.0,26.126884587382918,-26.126884587382918
23934,NUSA TENGGARA TIMUR,KOTA KUPANG,0.0,7.9751042528675855,-7.9751042528675855
30229,JAWA BARAT,KAB. BOGOR,0.0,9.668155813761187,-9.668155813761187
15156,JAWA BARAT,KAB. CIANJUR,0.0,22.701904263283915,-22.701904263283915
67761,KALIMANTAN TENGAH,KAB. BARITO TIMUR,0.0,12.549555168096404,-12.549555168096404
14444,LAMPUNG,KAB. LAMPUNG SELATAN,0.528,425.8643542916311,102.13564570836888
4671,JAWA TENGAH,KAB. REMBANG,1.452,1202.0099172426844,249.99008275731558
22512,SULAWESI TENGGARA,KAB. KOLAKA,1.188,1126.1369375286274,61.86306247137259
81636,ACEH,KAB. PIDIE,0.0,14.064886235472786,-14.064886235472786
85259,NUSA TENGGARA TIMUR,KAB. ALOR,0.396,483.54341886537594,-87.54341886537594
20859,SULAWESI SELATAN,KAB. LUWU,1.188,975.7848970383008,212.21510296169924
39696,JAWA TIMUR,KAB. BLITAR,0.0,17.639954199310722,-17.639954199310722
33275,JAWA TENGAH,KAB. KEBUMEN,0.132,43.25216397559944,88.74783602440056
51117,NUSA TENGGARA TIMUR,KAB. ROTE NDAO,0.264,210.77462008830668,53.225379911693324
3363,KEPULAUAN BANGKA BELITUNG,KAB. BANGKA SELATAN,1.32,1233.6381314235389,86.36186857646112
75268,JAMBI,KAB. SAROLANGUN,0.132,66.67641294496416,65.32358705503584
61152,JAWA BARAT,KOTA BEKASI,0.0,3.017511247594738,-3.017511247594738
67764,SULAWESI TENGAH,KAB. MOROWALI,0.132,77.22683280780623,54.77316719219377
35734,KEPULAUAN BANGKA BELITUNG,KAB. BANGKA BARAT,1.188,1237.8731436802168,-49.8731436802168
10155,SUMATERA SELATAN,KAB. OGAN ILIR,0.528,387.2174034228165,140.78259657718348
50389,JAWA TENGAH,KAB. TEMANGGUNG,0.0,31.215856264260214,-31.215856264260214
