province_id,province,district_id,district,cooperatives,accounts_count,npwp_count,nib_count,rat_count,transaction_volume,transaction_value,simpanan_pokok_amount,simpanan_pokok_members,simpanan_pokok_tx,simpanan_wajib_amount,simpanan_wajib_members,simpanan_wajib_tx,savings_total_amount
1,ACEH,5,KAB. ACEH BARAT,321,310,321,264,0,0,0,26100000,200,202,5045010,74,258,31145010
1,ACEH,12,KAB. ACEH BARAT DAYA,152,152,152,72,0,0,0,13000000,140,140,1325000,138,138,14325000
1,ACEH,6,KAB. ACEH BESAR,603,603,603,381,0,26679,48614080,50675000,927,927,19625000,541,1753,70300000
1,ACEH,14,KAB. ACEH JAYA,172,172,172,87,0,0,0,50000,1,1,0,0,0,50000
1,ACEH,1,KAB. ACEH SELATAN,261,261,261,242,0,0,0,7375000,134,134,640000,50,75,8015000
1,ACEH,8,KAB. ACEH SINGKIL,116,113,116,98,0,0,0,9000000,125,125,3580000,94,358,12580000
1,ACEH,16,KAB. ACEH TAMIANG,216,216,216,198,0,0,0,4950000,101,101,5980000,97,603,10930000
1,ACEH,4,KAB. ACEH TENGAH,298,284,298,248,0,0,0,9345000,167,167,1420000,124,184,10765000
1,ACEH,2,KAB. ACEH TENGGARA,386,379,386,102,0,850,2125000,5250000,63,63,340000,20,20,5590000
1,ACEH,3,KAB. ACEH TIMUR,521,506,517,364,0,20,5400000,11700000,234,234,3395030,160,344,15095030
1,ACEH,10,KAB. ACEH UTARA,852,834,852,570,0,3,53000,70057000,554,554,8055000,266,1194,78112000
1,ACEH,17,KAB. BENER MERIAH,233,221,233,107,0,0,0,5170000,116,116,10870000,95,1087,16040000
1,ACEH,11,KAB. BIREUEN,610,607,610,541,0,153180,279052960,21350000,208,208,4080000,142,700,25430000
1,ACEH,13,KAB. GAYO LUES,136,129,136,102,0,0,0,100000,1,1,0,0,0,100000
1,ACEH,15,KAB. NAGAN RAYA,222,214,222,149,0,0,0,3950000,58,58,1760000,48,150,5710000
1,ACEH,9,KAB. PIDIE,751,728,750,348,0,0,0,15322200,349,349,4935020,166,793,20257220
1,ACEH,18,KAB. PIDIE JAYA,222,222,222,196,0,0,0,50000,1,1,0,0,0,50000
1,ACEH,7,KAB. SIMEULUE,138,138,138,113,0,0,0,14975000,130,130,1220000,82,96,16195000
1,ACEH,19,KOTA BANDA ACEH,90,86,90,52,0,155,815045,16100000,183,183,4020000,144,322,20120000
1,ACEH,22,KOTA LANGSA,66,66,66,66,0,3102,174283000,21225000,419,419,5715000,268,537,26940000
1,ACEH,21,KOTA LHOKSEUMAWE,68,68,68,54,0,0,0,480000,20,20,825000,19,165,1305000
1,ACEH,20,KOTA SABANG,18,18,18,18,0,0,0,18200000,364,364,12505000,333,769,30705000
1,ACEH,23,KOTA SUBULUSSALAM,82,77,82,77,0,0,0,8330000,141,141,4160000,107,382,12490000
17,BALI,269,KAB. BADUNG,64,63,63,39,0,57941,106731500,27350000,124,124,3430000,98,191,30780000
17,BALI,272,KAB. BANGLI,72,72,72,37,0,0,0,201230000,1816,1816,51410000,1803,3806,252640000
17,BALI,274,KAB. BULELENG,148,148,147,96,0,437,7909000,84715000,1350,1351,42800000,1076,4497,127515000
17,BALI,270,KAB. GIANYAR,70,70,70,19,0,0,0,29820000,202,202,2070000,154,414,31890000
17,BALI,267,KAB. JEMBRANA,51,51,51,50,0,86500,165370000,15600000,312,312,3955000,101,731,19555000
17,BALI,273,KAB. KARANGASEM,78,78,78,50,0,0,0,137610000,583,583,24555000,392,1682,162165000
17,BALI,271,KAB. KLUNGKUNG,59,59,59,40,0,48,90000,15755000,228,228,14700000,223,1430,30455000
17,BALI,268,KAB. TABANAN,133,133,133,123,0,125542,576951040,124585000,1954,1954,71036000,1584,8867,195621000
17,BALI,275,KOTA DENPASAR,43,43,43,43,0,24233,470012022,309700000,1601,1601,107445000,1256,5722,417145000
16,BANTEN,260,KAB. LEBAK,345,344,344,306,0,29437,436488600,61880000,1664,1664,36830000,1394,3011,98710000
16,BANTEN,259,KAB. PANDEGLANG,339,336,339,216,0,7241,105566600,2146632700,2381,2381,71876320,2129,5387,2218509020
16,BANTEN,262,KAB. SERANG,326,320,326,284,0,138797,1991752100,58465000,2773,2823,32325000,1779,3967,90790000
16,BANTEN,261,KAB. TANGERANG,275,274,275,270,0,193096,2770099528,300700000,5524,5525,170670000,4332,9870,471370000
16,BANTEN,264,KOTA CILEGON,43,43,43,42,0,32661,473324900,21890000,266,267,10880000,230,506,32770000
16,BANTEN,265,KOTA SERANG,67,67,67,67,0,95080,1393435600,36315000,1119,1119,28695000,910,3010,65010000
16,BANTEN,263,KOTA TANGERANG,104,104,104,102,0,19891,307645000,30950000,382,382,39000000,302,1554,69950000
16,BANTEN,266,KOTA TANGERANG SELATAN,54,54,54,54,0,2144,35498984,23570000,398,398,14150000,329,806,37720000
7,BENGKULU,115,KAB. BENGKULU SELATAN,155,155,155,146,0,0,0,31155000,460,460,10260580,479,1210,41415580
7,BENGKULU,123,KAB. BENGKULU TENGAH,144,144,144,43,0,0,0,5400000,67,67,2525000,61,227,7925000
7,BENGKULU,117,KAB. BENGKULU UTARA,219,219,219,160,0,48900,89138000,3975000,44,44,1330000,38,38,5305000
7,BENGKULU,118,KAB. KAUR,196,194,196,113,0,0,0,5600000,112,112,3605000,105,481,9205000
7,BENGKULU,122,KAB. KEPAHIANG,117,117,116,88,0,0,0,800000,8,8,130000,2,13,930000
7,BENGKULU,121,KAB. LEBONG,104,103,104,45,0,0,0,10300000,195,195,9130000,101,573,19430000
7,BENGKULU,120,KAB. MUKOMUKO,150,150,149,105,0,119335,217570880,4750000,63,63,1410000,54,108,6160000
7,BENGKULU,116,KAB. REJANG LEBONG,156,156,156,66,0,0,0,27351400,199,199,2185705,135,248,29537105
7,BENGKULU,119,KAB. SELUMA,200,200,200,169,0,0,0,33005000,763,763,21565000,697,2904,54570000
7,BENGKULU,124,KOTA BENGKULU,67,67,67,67,0,0,0,24850000,297,297,5395000,171,481,30245000
14,DAERAH ISTIMEWA YOGYAKARTA,217,KAB. BANTUL,75,75,75,73,0,38330,86070380,207300000,2069,2069,63945000,1461,7106,271245000
14,DAERAH ISTIMEWA YOGYAKARTA,218,KAB. GUNUNG KIDUL,144,144,144,141,0,126,3620000,78575000,1404,1404,39205000,1186,4473,117780000
14,DAERAH ISTIMEWA YOGYAKARTA,216,KAB. KULON PROGO,88,88,88,66,0,251270,459576440,50650000,801,801,27565000,716,3302,78215000
14,DAERAH ISTIMEWA YOGYAKARTA,219,KAB. SLEMAN,86,86,86,78,0,274368,525984120,53090000,542,548,17961000,500,1474,71051000
14,DAERAH ISTIMEWA YOGYAKARTA,220,KOTA YOGYAKARTA,45,45,45,45,0,1035,12247500,8300000,148,148,3615000,85,492,11915000
11,DKI JAKARTA,504,KAB. ADM. KEP. SERIBU,6,6,6,6,0,0,0,0,0,0,0,0,0,0
11,DKI JAKARTA,507,KOTA ADM. JAKARTA BARAT,56,56,56,56,0,57452,709862000,29500000,298,298,29110000,260,816,58610000
11,DKI JAKARTA,505,KOTA ADM. JAKARTA PUSAT,44,44,44,44,0,14329,189557900,33450000,351,351,22300000,267,1286,55750000
11,DKI JAKARTA,508,KOTA ADM. JAKARTA SELATAN,65,65,65,65,0,52903,789611459,46150000,513,513,16275000,341,1359,62425000
11,DKI JAKARTA,509,KOTA ADM. JAKARTA TIMUR,66,65,65,65,0,222165,2917662300,91200000,974,974,71470000,552,2181,162670000
11,DKI JAKARTA,506,KOTA ADM. JAKARTA UTARA,32,31,31,31,0,5004,73278000,95950000,1296,1296,85680000,846,2805,181630000
29,GORONTALO,432,KAB. BOALEMO,82,82,82,77,0,0,0,9000000,84,84,735000,84,94,9735000
29,GORONTALO,433,KAB. BONE BOLANGO,165,165,165,165,0,0,0,31900000,408,408,5290000,216,218,37190000
29,GORONTALO,431,KAB. GORONTALO,205,205,205,187,0,7,186000,54390000,604,604,9395000,352,839,63785000
29,GORONTALO,434,KAB. GORONTALO UTARA,123,123,123,67,0,0,0,43100000,416,417,5155000,165,386,48255000
29,GORONTALO,512,KAB. POHUWATO,105,104,105,92,0,0,0,0,0,0,10000,1,1,10000
29,GORONTALO,435,KOTA GORONTALO,51,50,51,49,0,2392,66021250,38475000,394,394,15530025,239,641,54005025
5,JAMBI,90,KAB. BATANG HARI,124,124,124,78,0,0,0,44701600,659,659,11745300,525,1308,56446900
5,JAMBI,94,KAB. BUNGO,154,153,154,96,0,0,0,9040000,153,153,2230000,115,125,11270000
5,JAMBI,87,KAB. KERINCI,287,287,287,226,0,0,0,93025000,1267,1267,10755080,559,940,103780080
5,JAMBI,88,KAB. MERANGIN,215,215,215,130,0,14454,27684000,74800000,760,760,24870000,606,1907,99670000
5,JAMBI,91,KAB. MUARO JAMBI,158,156,155,91,0,37,659200,41365000,792,792,20740020,612,1970,62105020
5,JAMBI,89,KAB. SAROLANGUN,158,153,157,123,0,0,0,600000,2,2,160000,3,4,760000
5,JAMBI,92,KAB. TANJUNG JABUNG BARAT,137,134,137,128,0,0,0,20560000,283,283,5760000,206,554,26320000
5,JAMBI,93,KAB. TANJUNG JABUNG TIMUR,92,92,92,34,0,1,550000,85350000,989,989,46450000,752,3632,131800000
5,JAMBI,95,KAB. TEBO,129,124,129,72,0,801,15515000,28690000,457,457,10655000,371,1090,39345000
5,JAMBI,96,KOTA JAMBI,68,67,67,43,0,0,0,37200000,576,576,26820000,435,1957,64020000
5,JAMBI,97,KOTA SUNGAI PENUH,69,68,69,38,0,0,0,10925000,398,398,8330000,299,1021,19255000
12,JAWA BARAT,157,KAB. BANDUNG,280,280,280,260,0,87021.6,829139300,333820100,9874,9874,360230000,8276,21910,694050100
12,JAWA BARAT,170,KAB. BANDUNG BARAT,165,165,165,130,0,30607,429876500,112080000,2429,2429,88560000,1769,5386,200640000
12,JAWA BARAT,169,KAB. BEKASI,187,187,187,173,0,46184,718945400,77650000,734,734,63400000,674,2888,141050000
12,JAWA BARAT,154,KAB. BOGOR,436,431,435,330,0,179650,1913011000,324890000,4569,4570,183945000,3206,8304,508835000
12,JAWA BARAT,160,KAB. CIAMIS,265,265,265,260,0,176761,367990360,158950000,4305,4305,113088000,3514,15064,272038000
12,JAWA BARAT,156,KAB. CIANJUR,362,361,361,321,0,276332,3263759900,320840000,7100,7100,158655000,4855,12697,479495000
12,JAWA BARAT,162,KAB. CIREBON,426,424,426,374,0,9846,145916000,198775000,3492,3492,120737000,2841,9345,319512000
12,JAWA BARAT,158,KAB. GARUT,441,441,441,403,0,102946,708557800,422226875,11620,11620,223017840,7982,22813,645244715
12,JAWA BARAT,165,KAB. INDRAMAYU,317,314,317,276,0,132879,269442180,38200000,540,541,23520000,387,1661,61720000
12,JAWA BARAT,168,KAB. KARAWANG,309,309,309,304,0,3900,71737500,198645050,2459,3621,258260020,2085,8394,456905070
12,JAWA BARAT,161,KAB. KUNINGAN,377,376,377,340,0,59851,315442900,145805000,2880,2880,540005880,2544,10918,685810880
12,JAWA BARAT,163,KAB. MAJALENGKA,346,344,346,306,0,14960,254166700,116335000,2520,2520,96870000,2071,7790,213205000
12,JAWA BARAT,174,KAB. PANGANDARAN,93,93,93,47,0,34,230000,27280000,665,665,12360000,475,908,39640000
12,JAWA BARAT,167,KAB. PURWAKARTA,192,188,192,189,0,5789,89116000,126510050,2062,2062,135265000,1940,7322,261775050
12,JAWA BARAT,166,KAB. SUBANG,255,251,255,208,0,126844,383702140,113505000,2274,2274,61280504,1636,5473,174785504
12,JAWA BARAT,155,KAB. SUKABUMI,388,388,388,309,0,30956,364050500,242755000,3048,3052,77030000,2485,5475,319785000
12,JAWA BARAT,164,KAB. SUMEDANG,277,277,277,218,0,48280,114761966,115730000,2664,2664,91390000,2151,6636,207120000
12,JAWA BARAT,159,KAB. TASIKMALAYA,352,350,350,333,0,92451,529544300,248480010,6182,6183,177750000,4506,15480,426230010
12,JAWA BARAT,173,KOTA BANDUNG,151,150,151,149,0,142816.2,1687490003,60990000,1204,1224,54750000,1026,3130,115740000
12,JAWA BARAT,180,KOTA BANJAR,25,25,25,24,0,2,26000,17670000,370,370,8465000,278,1241,26135000
12,JAWA BARAT,176,KOTA BEKASI,56,55,55,52,0,2604,30820000,46800000,415,415,13650000,341,623,60450000
12,JAWA BARAT,171,KOTA BOGOR,68,68,67,65,0,6715,85904800,15350000,165,165,1880000,57,163,17230000
12,JAWA BARAT,178,KOTA CIMAHI,15,15,15,11,0,374,6358000,3450000,37,37,2750000,34,109,6200000
12,JAWA BARAT,175,KOTA CIREBON,22,22,22,22,0,142,2339200,20920000,372,372,13450000,332,886,34370000
12,JAWA BARAT,177,KOTA DEPOK,63,63,63,63,0,26153,314905000,62750000,511,511,16025000,396,1213,78775000
12,JAWA BARAT,172,KOTA SUKABUMI,33,33,33,32,0,261868,2972199000,7500000,321,321,9470000,302,933,16970000
12,JAWA BARAT,179,KOTA TASIKMALAYA,69,69,69,65,0,3859,75037500,17525000,366,366,15815170,293,990,33340170
13,JAWA TENGAH,184,KAB. BANJARNEGARA,278,278,278,271,0,297532,555129680,159335000,2034,2034,35855000,618,2777,195190000
13,JAWA TENGAH,182,KAB. BANYUMAS,331,331,331,318,0,65520,301899520,214015000,2988,2988,69061000,2237,7104,283076000
13,JAWA TENGAH,205,KAB. BATANG,248,248,248,193,0,7764,116008000,29600000,292,295,9630000,209,402,39230000
13,JAWA TENGAH,196,KAB. BLORA,295,295,295,290,0,31244,401167900,220570000,2364,2364,38350000,1856,3894,258920000
13,JAWA TENGAH,189,KAB. BOYOLALI,267,265,266,261,0,48223,103236640,38615000,643,643,15670020,417,1888,54285020
13,JAWA TENGAH,209,KAB. BREBES,297,297,297,264,0,170697,353746840,69700000,765,765,28725000,443,1432,98425000
13,JAWA TENGAH,181,KAB. CILACAP,284,284,284,264,0,1714,38568793,292720000,3666,3666,123285000,2496,11972,416005000
13,JAWA TENGAH,201,KAB. DEMAK,249,249,249,249,0,34797,470064000,124830000,1460,1460,62830000,1152,3812,187660000
13,JAWA TENGAH,195,KAB. GROBOGAN,280,280,280,275,0,64335,239514120,271495000,2936,2936,73340000,2327,6295,344835000
13,JAWA TENGAH,200,KAB. JEPARA,195,195,195,195,0,11857,174983200,116950000,1555,1555,60340000,1343,5294,177290000
13,JAWA TENGAH,193,KAB. KARANGANYAR,177,177,177,163,0,38959,524060094,118120000,1983,1983,42463000,1389,4404,160583000
13,JAWA TENGAH,185,KAB. KEBUMEN,460,460,460,455,0,125530,904656550,385145000,4337,4337,122189000,3424,11953,507334000
13,JAWA TENGAH,204,KAB. KENDAL,286,286,286,277,0,43293,606209500,180632000,2163,2173,68875000,1912,6250,249507000
13,JAWA TENGAH,190,KAB. KLATEN,401,401,401,378,0,337878,912758710,350552500,3725,3735,97975000,2928,9024,448527500
13,JAWA TENGAH,199,KAB. KUDUS,132,132,132,132,0,21062,306688700,262807200,2915,2920,77959730,2353,7770,340766930
13,JAWA TENGAH,188,KAB. MAGELANG,372,372,372,366,0,106006,514118260,139740000,1998,1998,47185000,1653,4973,186925000
13,JAWA TENGAH,198,KAB. PATI,406,406,406,401,0,340413,3609700760,77140000,724,735,18690000,561,1605,95830000
13,JAWA TENGAH,206,KAB. PEKALONGAN,286,286,286,275,0,10175,145487000,9100000,32,32,335000,17,28,9435000
13,JAWA TENGAH,207,KAB. PEMALANG,223,223,223,218,0,12242.2,179291500,26550000,403,403,2455000,104,258,29005000
13,JAWA TENGAH,183,KAB. PURBALINGGA,239,239,239,238,0,438341,834115280,204675000,2501,2501,35356000,1996,3852,240031000
13,JAWA TENGAH,186,KAB. PURWOREJO,454,454,454,431,0,61221,221260000,275275000,4573,4573,122015000,3989,16190,397290000
13,JAWA TENGAH,197,KAB. REMBANG,294,294,294,280,0,10314,143068500,27210000,514,514,10905000,498,1113,38115000
13,JAWA TENGAH,202,KAB. SEMARANG,235,235,235,232,0,258549,1013112400,155560000,1923,1923,58085000,1548,6315,213645000
13,JAWA TENGAH,194,KAB. SRAGEN,208,208,208,157,0,361990,1092223800,36450000,433,433,8330000,300,1010,44780000
13,JAWA TENGAH,191,KAB. SUKOHARJO,167,167,167,162,0,87050,1041313100,110807900,1533,1533,57085010,1360,6101,167892910
13,JAWA TENGAH,208,KAB. TEGAL,287,287,287,268,0,75308,1065164200,92145050,1157,1161,54765000,1048,3355,146910050
13,JAWA TENGAH,203,KAB. TEMANGGUNG,289,289,289,288,0,32544,75135800,19625000,298,298,8875000,282,918,28500000
13,JAWA TENGAH,192,KAB. WONOGIRI,294,294,294,266,0,30631,715384000,65675000,1316,1316,23591000,958,3536,89266000
13,JAWA TENGAH,187,KAB. WONOSOBO,265,265,265,265,0,234747,433668080,58635000,838,838,10345000,547,1388,68980000
13,JAWA TENGAH,210,KOTA MAGELANG,17,17,17,17,0,4,70000,16850000,214,214,7380000,182,708,24230000
13,JAWA TENGAH,214,KOTA PEKALONGAN,27,27,27,26,0,22963,335414000,6535000,233,233,2030000,163,163,8565000
13,JAWA TENGAH,212,KOTA SALATIGA,23,23,23,23,0,1656,25488363,3825000,110,110,790000,33,79,4615000
13,JAWA TENGAH,213,KOTA SEMARANG,177,177,177,177,0,310587,3782197801,196770000,2791,2799,107518000,2040,8574,304288000
13,JAWA TENGAH,211,KOTA SURAKARTA,54,54,54,51,0,53723,614950200,19300000,244,244,4975000,215,661,24275000
13,JAWA TENGAH,215,KOTA TEGAL,27,27,27,27,0,24395,278397000,0,0,0,0,0,0,0
15,JAWA TIMUR,246,KAB. BANGKALAN,281,281,281,281,0,8333,123493000,2200000,6,6,240000,5,5,2440000
15,JAWA TIMUR,230,KAB. BANYUWANGI,217,217,217,155,0,233061.68,4001736339,58550000,731,731,38140000,567,1037,96690000
15,JAWA TIMUR,225,KAB. BLITAR,248,248,248,247,0,69579,825818000,127050000,1395,1395,51117000,1159,4707,178167000
15,JAWA TIMUR,242,KAB. BOJONEGORO,430,430,430,416,0,172275,1502435911,123995250,2103,2103,47190000,1665,5741,171185250
15,JAWA TIMUR,231,KAB. BONDOWOSO,219,219,219,186,0,166424,2020924650,8950000,177,177,2135000,114,226,11085000
15,JAWA TIMUR,245,KAB. GRESIK,356,356,356,349,0,410979,3420125731,96245000,1114,1114,56587000,1028,3282,152832000
15,JAWA TIMUR,229,KAB. JEMBER,248,247,248,206,0,97844,1212997000,28265000,300,300,6790000,199,442,35055000
15,JAWA TIMUR,237,KAB. JOMBANG,305,305,305,292,0,253254,1542503000,163850000,2344,2344,64296730,1954,5974,228146730
15,JAWA TIMUR,226,KAB. KEDIRI,344,344,344,323,0,372172,1173879920,99770000,1293,1293,51455000,1096,4698,151225000
15,JAWA TIMUR,244,KAB. LAMONGAN,474,474,474,458,0,224780,1905865377,141555100,1518,1518,20280010,764,2235,161835110
15,JAWA TIMUR,228,KAB. LUMAJANG,205,205,205,187,0,173443,481399220,23775300,367,367,18210660,208,1209,41985960
15,JAWA TIMUR,239,KAB. MADIUN,206,206,206,206,0,44843,576665150,229740000,2865,2865,73093000,2440,8429,302833000
15,JAWA TIMUR,240,KAB. MAGETAN,235,235,235,232,0,124057,1479574000,379740050,8329,8329,196610000,7646,24859,576350050
15,JAWA TIMUR,227,KAB. MALANG,390,390,390,346,0,193104,710222450,209140000,2072,2072,88705000,1592,5448,297845000
15,JAWA TIMUR,236,KAB. MOJOKERTO,304,302,304,284,0,293067,561806880,79210000,1426,1426,31076000,1262,3248,110286000
15,JAWA TIMUR,238,KAB. NGANJUK,284,284,284,280,0,1618258,15194190260,100600000,1265,1265,26985000,1158,2152,127585000
15,JAWA TIMUR,241,KAB. NGAWI,217,217,217,214,0,94608,1213023900,78450000,1063,1064,24705000,871,2895,103155000
15,JAWA TIMUR,221,KAB. PACITAN,172,172,172,172,0,29390,410649500,83650000,1702,1702,31775000,1541,5531,115425000
15,JAWA TIMUR,248,KAB. PAMEKASAN,189,189,189,176,0,32209,409539100,181645000,1530,1530,73890000,1383,2908,255535000
15,JAWA TIMUR,234,KAB. PASURUAN,365,365,365,341,0,61887,744310000,45155000,1031,1031,37640000,904,4740,82795000
15,JAWA TIMUR,222,KAB. PONOROGO,308,308,308,308,0,8480,94960000,61390000,5003,5003,47195000,3527,9031,108585000
15,JAWA TIMUR,233,KAB. PROBOLINGGO,330,330,330,288,0,149490,960003400,62350000,983,983,32920000,750,1948,95270000
15,JAWA TIMUR,247,KAB. SAMPANG,186,184,186,174,0,10732,159915000,9610000,48,48,495000,47,48,10105000
15,JAWA TIMUR,235,KAB. SIDOARJO,346,346,346,332,0,177621,3363314985,148125000,1992,2016,101680000,1685,7850,249805000
15,JAWA TIMUR,232,KAB. SITUBONDO,136,136,136,125,0,23552,261155000,6550000,131,131,2150000,127,215,8700000
15,JAWA TIMUR,249,KAB. SUMENEP,334,332,334,228,0,11166,155372750,11150000,139,139,9935000,126,646,21085000
15,JAWA TIMUR,223,KAB. TRENGGALEK,157,157,157,157,0,49158,613287800,118985000,1613,1613,40305000,1270,5815,159290000
15,JAWA TIMUR,243,KAB. TUBAN,328,326,328,290,0,1571129,10973201496,284350000,1121,1121,32695000,525,3006,317045000
15,JAWA TIMUR,224,KAB. TULUNGAGUNG,271,271,271,243,0,690791,1544150100,61190000,1125,1125,37490000,832,3722,98680000
15,JAWA TIMUR,258,KOTA BATU,24,24,24,23,0,2000,22000000,10050000,86,86,3550000,73,163,13600000
15,JAWA TIMUR,251,KOTA BLITAR,21,21,21,21,0,140,2030000,0,0,0,0,0,0,0
15,JAWA TIMUR,250,KOTA KEDIRI,46,46,46,46,0,108133,1239366000,24120000,400,400,13530000,367,1276,37650000
15,JAWA TIMUR,256,KOTA MADIUN,27,27,27,27,0,107583,1329988950,17200000,171,172,4700000,269,470,21900000
15,JAWA TIMUR,252,KOTA MALANG,57,57,57,35,0,23186,295474700,24650000,247,247,11865000,214,1044,36515000
15,JAWA TIMUR,255,KOTA MOJOKERTO,18,18,18,18,0,88570,1114413500,4360000,89,89,1215000,67,123,5575000
15,JAWA TIMUR,254,KOTA PASURUAN,34,34,34,34,0,1081,18933000,2650000,49,49,1550000,41,155,4200000
15,JAWA TIMUR,253,KOTA PROBOLINGGO,29,29,29,29,0,472912,5324153500,39345000,741,741,20610000,600,2181,59955000
15,JAWA TIMUR,257,KOTA SURABAYA,153,153,153,153,0,290479,3352015816,60100000,664,664,38917000,505,2061,99017000
20,KALIMANTAN BARAT,313,KAB. BENGKAYANG,125,124,125,77,0,16000,180800000,10000000,127,127,1825000,57,324,11825000
20,KALIMANTAN BARAT,312,KAB. KAPUAS HULU,286,280,285,75,0,1,31,21155000,82,82,3880000,77,218,25035000
20,KALIMANTAN BARAT,317,KAB. KAYONG UTARA,44,44,44,17,0,22835,41616200,150000,3,3,0,0,0,150000
20,KALIMANTAN BARAT,310,KAB. KETAPANG,260,260,260,152,0,18179,259127914,78000000,1461,1461,16190000,1433,1915,94190000
20,KALIMANTAN BARAT,318,KAB. KUBU RAYA,124,123,123,113,0,149279,1903077700,58400000,585,585,23310000,368,1189,81710000
20,KALIMANTAN BARAT,314,KAB. LANDAK,156,156,156,144,0,0,0,0,0,0,150000,5,15,150000
20,KALIMANTAN BARAT,316,KAB. MELAWI,170,170,170,74,0,0,0,0,0,0,0,0,0,0
20,KALIMANTAN BARAT,308,KAB. MEMPAWAH,67,67,67,67,0,112180,822610000,7630000,61,61,650020,23,30,8280020
20,KALIMANTAN BARAT,307,KAB. SAMBAS,196,195,195,157,0,10000,18400000,30900000,525,525,13005000,344,1397,43905000
20,KALIMANTAN BARAT,309,KAB. SANGGAU,169,169,169,128,0,0,0,26940000,493,493,22570000,413,1618,49510000
20,KALIMANTAN BARAT,315,KAB. SEKADAU,94,94,94,90,0,0,0,23810000,393,393,13290000,322,1266,37100000
20,KALIMANTAN BARAT,311,KAB. SINTANG,410,406,408,259,0,7171,88504500,26900000,146,146,9130000,128,599,36030000
20,KALIMANTAN BARAT,319,KOTA PONTIANAK,29,29,29,27,0,116552,1394230750,4520000,47,47,2870000,47,195,7390000
20,KALIMANTAN BARAT,320,KOTA SINGKAWANG,26,26,26,26,0,55922,646570000,8100050,137,137,2800000,133,279,10900050
22,KALIMANTAN SELATAN,345,KAB. BALANGAN,156,156,156,109,0,1,20000,19110000,457,457,8985000,363,739,28095000
22,KALIMANTAN SELATAN,337,KAB. BANJAR,290,290,290,237,0,30022,94697100,2294530000,3208,3219,59335000,2193,5976,2353865000
22,KALIMANTAN SELATAN,338,KAB. BARITO KUALA,201,200,201,128,0,375700,684640000,30815000,792,792,34645000,650,4396,65460000
22,KALIMANTAN SELATAN,340,KAB. HULU SUNGAI SELATAN,148,148,148,148,0,4,74000,49795610,1613,1613,53090000,1326,7239,102885610
22,KALIMANTAN SELATAN,341,KAB. HULU SUNGAI TENGAH,167,167,167,133,0,1840,29372000,17845000,455,455,8660000,419,1037,26505000
22,KALIMANTAN SELATAN,342,KAB. HULU SUNGAI UTARA,219,219,219,217,0,1140,17280000,34200500,888,888,37795000,847,4820,71995500
22,KALIMANTAN SELATAN,336,KAB. KOTABARU,202,202,202,194,0,324124,589528680,85160000,832,832,30465000,618,2892,115625000
22,KALIMANTAN SELATAN,343,KAB. TABALONG,131,131,131,113,0,0,0,11290000,115,115,2640000,84,180,13930000
22,KALIMANTAN SELATAN,344,KAB. TANAH BUMBU,157,157,157,101,0,1152,25098000,147895000,1116,1116,73697000,1055,6666,221592000
22,KALIMANTAN SELATAN,335,KAB. TANAH LAUT,135,135,135,130,0,114000,208578000,48330000,897,897,24501000,866,2509,72831000
22,KALIMANTAN SELATAN,339,KAB. TAPIN,135,135,135,74,0,1,60000,12875000,254,254,7246000,188,775,20121000
22,KALIMANTAN SELATAN,347,KOTA BANJARBARU,20,20,20,17,0,2443,70311800,46700000,518,518,35170000,432,1802,81870000
22,KALIMANTAN SELATAN,346,KOTA BANJARMASIN,52,52,52,51,0,0,0,850000,10,10,210000,3,21,1060000
21,KALIMANTAN TENGAH,324,KAB. BARITO SELATAN,86,86,86,49,0,0,0,8250000,136,136,3350000,55,333,11600000
21,KALIMANTAN TENGAH,333,KAB. BARITO TIMUR,103,103,103,76,0,0,0,6360000,90,90,1920000,81,192,8280000
21,KALIMANTAN TENGAH,325,KAB. BARITO UTARA,96,96,96,70,0,10824,156809000,17915000,182,182,1955000,96,177,19870000
21,KALIMANTAN TENGAH,330,KAB. GUNUNG MAS,127,127,127,17,0,0,0,0,0,0,0,0,0,0
21,KALIMANTAN TENGAH,323,KAB. KAPUAS,220,220,220,128,0,65520,958922500,66750000,566,566,57860000,472,2744,124610000
21,KALIMANTAN TENGAH,326,KAB. KATINGAN,161,161,161,47,0,1124125,2057007000,8300000,107,107,6370000,104,637,14670000
21,KALIMANTAN TENGAH,321,KAB. KOTAWARINGIN BARAT,94,94,94,94,0,126067,1088492460,77320000,689,689,33700000,564,2864,111020000
21,KALIMANTAN TENGAH,322,KAB. KOTAWARINGIN TIMUR,185,185,185,42,0,40295,538650000,10100000,110,110,5850000,105,584,15950000
21,KALIMANTAN TENGAH,329,KAB. LAMANDAU,84,84,84,36,0,0,0,35640000,328,328,4370000,119,285,40010000
21,KALIMANTAN TENGAH,332,KAB. MURUNG RAYA,125,125,125,57,0,0,0,0,0,0,0,0,0,0
21,KALIMANTAN TENGAH,331,KAB. PULANG PISAU,99,99,99,60,0,0,0,16900000,279,279,8430000,152,383,25330000
21,KALIMANTAN TENGAH,327,KAB. SERUYAN,100,100,100,35,0,0,0,1210000,32,32,110000,5,6,1320000
21,KALIMANTAN TENGAH,328,KAB. SUKAMARA,32,32,32,14,0,0,0,0,0,0,0,0,0,0
21,KALIMANTAN TENGAH,334,KOTA PALANGKARAYA,31,30,31,16,0,19100,29144000,0,0,0,0,0,0,0
23,KALIMANTAN TIMUR,350,KAB. BERAU,109,108,109,65,0,0,0,9400000,87,87,8670000,54,200,18070000
23,KALIMANTAN TIMUR,351,KAB. KUTAI BARAT,194,193,194,86,0,0,0,7870000,103,103,1245000,53,160,9115000
23,KALIMANTAN TIMUR,349,KAB. KUTAI KARTANEGARA,237,236,237,158,0,85195,588030625,148885000,1608,1608,58845000,1277,4741,207730000
23,KALIMANTAN TIMUR,352,KAB. KUTAI TIMUR,141,141,141,111,0,95,7986000,39475000,255,255,28285000,333,1061,67760000
23,KALIMANTAN TIMUR,354,KAB. MAHAKAM ULU,50,50,50,0,0,0,0,0,0,0,0,0,0,0
23,KALIMANTAN TIMUR,348,KAB. PASER,144,144,144,133,0,12309,153606850,6200000,87,87,3435000,79,159,9635000
23,KALIMANTAN TIMUR,353,KAB. PENAJAM PASER UTARA,54,54,54,53,0,1895,21413500,30720000,282,282,17227000,260,1102,47947000
23,KALIMANTAN TIMUR,355,KOTA BALIKPAPAN,34,34,34,34,0,72401,934211314,55350000,286,286,49015000,295,1595,104365000
23,KALIMANTAN TIMUR,357,KOTA BONTANG,15,15,15,14,0,0,0,24500000,245,245,4240000,166,424,28740000
23,KALIMANTAN TIMUR,356,KOTA SAMARINDA,59,59,58,53,0,37838,462434000,22200000,234,234,7815000,142,713,30015000
24,KALIMANTAN UTARA,358,KAB. BULUNGAN,81,81,81,66,0,3720,43188000,1000000,11,11,760000,6,38,1760000
24,KALIMANTAN UTARA,359,KAB. MALINAU,108,108,108,60,0,0,0,3300450,42,42,32690000,40,666,35990450
24,KALIMANTAN UTARA,360,KAB. NUNUKAN,171,171,171,138,0,8,921398000,10820000,98,98,2480000,80,102,13300000
24,KALIMANTAN UTARA,361,KAB. TANA TIDUNG,31,31,31,29,0,0,0,0,0,0,0,0,0,0
24,KALIMANTAN UTARA,362,KOTA TARAKAN,20,20,20,18,0,22081,266541000,3900000,13,13,1950000,13,39,5850000
9,KEPULAUAN BANGKA BELITUNG,140,KAB. BANGKA,81,81,81,81,0,0,0,8150000,124,124,4875000,170,474,13025000
9,KEPULAUAN BANGKA BELITUNG,144,KAB. BANGKA BARAT,66,66,66,66,0,0,0,20570200,342,342,13400030,212,716,33970230
9,KEPULAUAN BANGKA BELITUNG,142,KAB. BANGKA SELATAN,53,53,53,53,0,225,414000,6400000,128,128,1840000,83,184,8240000
9,KEPULAUAN BANGKA BELITUNG,143,KAB. BANGKA TENGAH,63,63,63,62,0,0,0,7050000,76,76,615000,21,35,7665000
9,KEPULAUAN BANGKA BELITUNG,141,KAB. BELITUNG,50,49,49,45,0,0,0,14470000,228,228,7025000,156,750,21495000
9,KEPULAUAN BANGKA BELITUNG,145,KAB. BELITUNG TIMUR,39,39,39,36,0,0,0,7400000,75,75,6140000,36,303,13540000
9,KEPULAUAN BANGKA BELITUNG,146,KOTA PANGKAL PINANG,42,42,42,42,0,0,0,390000,26,26,560000,27,56,950000
10,KEPULAUAN RIAU,147,KAB. BINTAN,51,51,51,51,0,0,0,22600000,226,226,7110000,216,599,29710000
10,KEPULAUAN RIAU,148,KAB. KARIMUN,71,71,71,52,0,0,0,6250000,69,69,280000,17,23,6530000
10,KEPULAUAN RIAU,151,KAB. KEPULAUAN ANAMBAS,42,42,42,22,0,0,0,0,0,0,0,0,0,0
10,KEPULAUAN RIAU,150,KAB. LINGGA,84,84,84,50,0,0,0,7650000,57,57,2330000,53,186,9980000
10,KEPULAUAN RIAU,149,KAB. NATUNA,77,77,77,55,0,0,0,4900000,97,97,1900000,58,210,6800000
10,KEPULAUAN RIAU,152,KOTA BATAM,64,64,64,57,0,0,0,36550000,328,328,15970000,265,535,52520000
10,KEPULAUAN RIAU,153,KOTA TANJUNG PINANG,18,18,18,18,0,0,0,4550000,60,60,1930000,45,81,6480000
8,LAMPUNG,125,KAB. LAMPUNG BARAT,135,134,135,106,0,181008,340363000,59509100,653,653,14824100,551,1695,74333200
8,LAMPUNG,126,KAB. LAMPUNG SELATAN,260,260,260,196,0,793557,1436181000,159359000,1425,1425,29142001,881,2283,188501001
8,LAMPUNG,127,KAB. LAMPUNG TENGAH,311,311,311,256,0,4917,61167000,173930000,2474,2478,81500000,1950,9320,255430000
8,LAMPUNG,131,KAB. LAMPUNG TIMUR,264,262,264,217,0,1532304,2801469600,62351300,809,809,11961470,526,1047,74312770
8,LAMPUNG,128,KAB. LAMPUNG UTARA,247,247,247,170,0,194422,359978200,147780000,1051,1051,29427000,477,1581,177207000
8,LAMPUNG,135,KAB. MESUJI,105,105,105,92,0,340000,619880000,32770000,446,446,5405000,248,623,38175000
8,LAMPUNG,133,KAB. PESAWARAN,149,149,149,122,0,5,55000,66150000,622,622,22975040,474,1373,89125040
8,LAMPUNG,137,KAB. PESISIR BARAT,118,118,118,72,0,0,0,36050000,114,114,5550000,117,423,41600000
8,LAMPUNG,134,KAB. PRINGSEWU,131,131,131,126,0,345341,645511480,36775000,426,426,27490000,327,1280,64265000
8,LAMPUNG,130,KAB. TANGGAMUS,302,302,302,280,0,0,0,25405000,491,491,7615000,457,765,33020000
8,LAMPUNG,129,KAB. TULANG BAWANG,151,151,151,110,0,94400,172060000,43230000,271,271,18615000,191,1355,61845000
8,LAMPUNG,136,KAB. TULANG BAWANG BARAT,103,102,103,79,0,139550,254327000,39700000,644,644,7945090,360,1075,47645090
8,LAMPUNG,132,KAB. WAY KANAN,227,227,227,136,0,258,5875600,161650000,1511,1511,43490000,1223,3460,205140000
8,LAMPUNG,138,KOTA BANDAR LAMPUNG,126,126,126,125,0,1915,55726000,93500000,1008,1008,60140000,742,2853,153640000
8,LAMPUNG,139,KOTA METRO,22,22,22,20,0,0,0,8350000,174,174,1720000,64,175,10070000
31,MALUKU,444,KAB. BURU,82,82,82,70,0,0,0,250000,6,6,50000,1,1,300000
31,MALUKU,449,KAB. BURU SELATAN,81,81,81,36,0,0,0,12150000,82,82,1210000,28,67,13360000
31,MALUKU,447,KAB. KEPULAUAN ARU,119,119,119,50,0,0,0,0,0,0,0,0,0,0
31,MALUKU,443,KAB. KEPULAUAN TANIMBAR,82,82,82,57,0,0,0,21805000,219,219,9600000,212,339,31405000
31,MALUKU,448,KAB. MALUKU BARAT DAYA,118,118,118,32,0,0,0,525000,16,16,460000,16,46,985000
31,MALUKU,442,KAB. MALUKU TENGAH,193,192,193,140,0,0,0,11450000,122,122,6160000,102,576,17610000
31,MALUKU,441,KAB. MALUKU TENGGARA,191,191,191,93,0,0,0,3450000,29,29,280000,16,28,3730000
31,MALUKU,446,KAB. SERAM BAGIAN BARAT,92,92,92,70,0,127279,196965360,2050000,25,25,1460000,25,135,3510000
31,MALUKU,445,KAB. SERAM BAGIAN TIMUR,198,198,198,65,0,0,0,1710000,18,18,0,0,0,1710000
31,MALUKU,450,KOTA AMBON,50,50,50,47,0,0,0,200000,2,2,20000,1,1,220000
31,MALUKU,451,KOTA TUAL,30,30,30,22,0,0,0,0,0,0,0,0,0,0
32,MALUKU UTARA,452,KAB. HALMAHERA BARAT,175,154,173,39,0,0,0,16850000,169,169,10135000,149,448,26985000
32,MALUKU UTARA,455,KAB. HALMAHERA SELATAN,249,239,248,46,0,0,0,28450000,82,82,16050000,81,321,44500000
32,MALUKU UTARA,453,KAB. HALMAHERA TENGAH,61,47,61,41,0,0,0,0,0,0,0,0,0,0
32,MALUKU UTARA,456,KAB. HALMAHERA TIMUR,102,53,102,47,0,0,0,2900000,9,9,1050000,9,22,3950000
32,MALUKU UTARA,454,KAB. HALMAHERA UTARA,197,190,197,168,0,900,29805000,44250000,239,239,36010000,236,758,80260000
32,MALUKU UTARA,458,KAB. KEPULAUAN SULA,78,75,78,76,0,0,0,0,0,0,0,0,0,0
32,MALUKU UTARA,459,KAB. PULAU MOROTAI,88,87,88,39,0,0,0,0,0,0,0,0,0,0
32,MALUKU UTARA,457,KAB. PULAU TALIABU,71,71,71,69,0,0,0,0,0,0,0,0,0,0
32,MALUKU UTARA,460,KOTA TERNATE,80,73,80,64,0,0,0,25100000,251,251,10845000,136,510,35945000
32,MALUKU UTARA,461,KOTA TIDORE KEPULAUAN,90,90,89,27,0,0,0,50000,1,1,0,0,0,50000
18,NUSA TENGGARA BARAT,281,KAB. BIMA,190,189,190,162,0,0,0,91050000,853,853,69045000,862,3259,160095000
18,NUSA TENGGARA BARAT,280,KAB. DOMPU,83,81,81,75,0,207,15525000,13160200,153,153,1120000,102,102,14280200
18,NUSA TENGGARA BARAT,276,KAB. LOMBOK BARAT,124,122,124,111,0,10,260000,77300000,441,441,16075280,339,1392,93375280
18,NUSA TENGGARA BARAT,277,KAB. LOMBOK TENGAH,154,154,154,145,0,19999,254846100,82675000,662,662,14895000,340,1092,97570000
18,NUSA TENGGARA BARAT,278,KAB. LOMBOK TIMUR,255,255,255,199,0,48,694000,299175000,2676,2676,47657000,1338,3162,346832000
18,NUSA TENGGARA BARAT,283,KAB. LOMBOK UTARA,45,43,45,39,0,0,0,26050000,199,199,740000,72,73,26790000
18,NUSA TENGGARA BARAT,279,KAB. SUMBAWA,165,164,165,150,0,0,0,51800000,487,487,18920000,284,1339,70720000
18,NUSA TENGGARA BARAT,282,KAB. SUMBAWA BARAT,65,65,65,25,0,7,105000,16550000,298,298,7080000,278,620,23630000
18,NUSA TENGGARA BARAT,285,KOTA BIMA,41,41,41,31,0,1412,33422400,42400000,453,453,4610000,203,317,47010000
18,NUSA TENGGARA BARAT,284,KOTA MATARAM,50,50,50,48,0,10321,73867379,73030000,568,568,34070000,389,1393,107100000
19,NUSA TENGGARA TIMUR,291,KAB. ALOR,175,175,175,88,0,0,0,51000100,358,358,920025,45,61,51920125
19,NUSA TENGGARA TIMUR,288,KAB. BELU,81,81,81,71,0,0,0,14025000,287,287,2370000,231,231,16395000
19,NUSA TENGGARA TIMUR,294,KAB. ENDE,281,270,281,63,0,10,130000,168025950,2148,2148,27877520,1521,2311,195903470
19,NUSA TENGGARA TIMUR,292,KAB. FLORES TIMUR,251,250,251,125,0,2,130000,217315000,2454,2662,46671000,1854,3829,263986000
19,NUSA TENGGARA TIMUR,286,KAB. KUPANG,177,177,177,123,0,261,6419568,118546793,892,923,27810700,665,3236,146357493
19,NUSA TENGGARA TIMUR,297,KAB. LEMBATA,151,151,151,135,0,0,0,42850000,495,495,5245000,238,562,48095000
19,NUSA TENGGARA TIMUR,305,KAB. MALAKA,127,127,127,121,0,0,0,13625000,141,141,600000,54,54,14225000
19,NUSA TENGGARA TIMUR,296,KAB. MANGGARAI,172,171,172,126,0,250,3250000,22635000,337,338,14865000,220,803,37500000
19,NUSA TENGGARA TIMUR,299,KAB. MANGGARAI BARAT,169,169,169,138,0,0,0,69620000,855,855,16415000,362,1064,86035000
19,NUSA TENGGARA TIMUR,303,KAB. MANGGARAI TIMUR,176,176,176,160,0,0,0,720930250,898,907,13300045,362,540,734230295
19,NUSA TENGGARA TIMUR,300,KAB. NAGEKEO,113,113,113,52,0,0,0,17780000,258,258,1695000,166,215,19475000
19,NUSA TENGGARA TIMUR,295,KAB. NGADA,206,206,206,65,0,0,0,61215300,768,771,11066000,599,1306,72281300
19,NUSA TENGGARA TIMUR,298,KAB. ROTE NDAO,119,117,119,103,0,0,0,7850000,38,38,835000,20,33,8685000
19,NUSA TENGGARA TIMUR,304,KAB. SABU RAIJUA,63,63,63,25,0,0,0,2150000,43,43,1075000,43,43,3225000
19,NUSA TENGGARA TIMUR,293,KAB. SIKKA,194,191,193,121,0,44400,80812000,62800000,505,505,7505020,540,619,70305020
19,NUSA TENGGARA TIMUR,290,KAB. SUMBA BARAT,74,74,74,27,0,0,0,1000000,4,4,200000,4,4,1200000
19,NUSA TENGGARA TIMUR,302,KAB. SUMBA BARAT DAYA,176,168,176,97,0,0,0,100000,1,1,10000,1,1,110000
19,NUSA TENGGARA TIMUR,301,KAB. SUMBA TENGAH,65,65,65,40,0,0,0,4400000,22,22,300000,3,6,4700000
19,NUSA TENGGARA TIMUR,289,KAB. SUMBA TIMUR,157,156,157,115,0,7,455000,198890100,1868,1868,53080000,1201,3613,251970100
19,NUSA TENGGARA TIMUR,510,KAB. TIMOR TENGAH SELATAN,278,278,278,253,0,0,0,107800000,974,974,30360620,758,1915,138160620
19,NUSA TENGGARA TIMUR,287,KAB. TIMOR TENGAH UTARA,193,193,193,119,0,0,0,112770000,964,964,21795000,652,1116,134565000
19,NUSA TENGGARA TIMUR,306,KOTA KUPANG,54,51,54,52,0,169649,6617144400,15650000,152,152,2730000,112,130,18380000
33,PAPUA,6060,Akaiwa,1,1,1,0,0,0,0,0,0,0,0,0,0,0
33,PAPUA,6063,Asakuchi,1,1,1,1,0,0,0,0,0,0,0,0,0,0
33,PAPUA,464,KAB. BIAK NUMFOR,250,224,172,82,0,0,0,5220000,39,39,190000,7,7,5410000
33,PAPUA,462,KAB. JAYAPURA,143,137,141,58,0,0,0,5950000,102,102,4340000,113,190,10290000
33,PAPUA,466,KAB. KEEROM,91,91,91,66,0,54160,166754000,8000000,81,81,7755000,84,776,15755000
33,PAPUA,463,KAB. KEPULAUAN YAPEN,166,165,164,8,0,0,0,1000000,20,20,0,0,0,1000000
33,PAPUA,469,KAB. MAMBERAMO RAYA,60,22,57,8,0,0,0,0,0,0,0,0,0,0
33,PAPUA,480,KAB. MAPPI,1,1,1,0,0,0,0,0,0,0,0,0,0,0
33,PAPUA,465,KAB. SARMI,93,91,84,0,0,0,0,0,0,0,0,0,0,0
33,PAPUA,468,KAB. SUPIORI,39,29,31,7,0,0,0,3600000,36,36,1950000,39,39,5550000
33,PAPUA,467,KAB. WAROPEN,101,69,99,4,0,0,0,0,0,0,0,0,0,0
33,PAPUA,470,KOTA JAYAPURA,39,39,39,22,0,53305,123031600,25200050,297,300,5440000,200,221,30640050
34,PAPUA BARAT,472,KAB. FAK FAK,150,144,128,39,0,0,0,8050000,158,158,1235000,116,121,9285000
34,PAPUA BARAT,474,KAB. KAIMANA,87,86,86,86,0,0,0,0,0,0,0,0,0,0
34,PAPUA BARAT,471,KAB. MANOKWARI,174,167,115,32,0,59406,108326000,1810000,47,47,1850000,36,102,3660000
34,PAPUA BARAT,476,KAB. MANOKWARI SELATAN,56,54,39,31,0,0,0,0,0,0,0,0,0,0
34,PAPUA BARAT,477,KAB. PEGUNUNGAN ARFAK,166,51,134,0,0,0,0,0,0,0,0,0,0,0
34,PAPUA BARAT,473,KAB. TELUK BINTUNI,117,106,90,22,0,0,0,100000,2,2,40000,2,2,140000
34,PAPUA BARAT,475,KAB. TELUK WONDAMA,76,71,76,0,0,0,0,0,0,0,0,0,0,0
38,PAPUA BARAT DAYA,501,KAB. MAYBRAT,266,235,264,18,0,0,0,0,0,0,0,0,0,0
38,PAPUA BARAT DAYA,37,KAB. NIAS SELATAN,1,0,0,0,0,0,0,0,0,0,0,0,0,0
38,PAPUA BARAT DAYA,499,KAB. RAJA AMPAT,118,70,73,35,0,0,0,9321000,84,84,5420000,146,198,14741000
38,PAPUA BARAT DAYA,497,KAB. SORONG,257,221,257,84,0,0,0,1740000,56,56,50000,5,5,1790000
38,PAPUA BARAT DAYA,498,KAB. SORONG SELATAN,123,122,121,36,0,0,0,100000,1,1,0,0,0,100000
38,PAPUA BARAT DAYA,500,KAB. TAMBRAUW,217,8,200,2,0,0,0,0,0,0,0,0,0,0
38,PAPUA BARAT DAYA,492,KAB. TOLIKARA,1,0,0,0,0,0,0,0,0,0,0,0,0,0
38,PAPUA BARAT DAYA,502,KOTA SORONG,41,41,41,34,0,0,0,5450000,109,109,0,0,0,5450000
37,PAPUA PEGUNUNGAN,490,KAB. JAYAWIJAYA,333,86,60,21,0,0,0,0,0,0,0,0,0,0
37,PAPUA PEGUNUNGAN,493,KAB. LANNY JAYA,114,3,23,0,0,0,0,0,0,0,0,0,0,0
37,PAPUA PEGUNUNGAN,494,KAB. MAMBERAMO TENGAH,59,47,59,0,0,0,0,0,0,0,0,0,0,0
37,PAPUA PEGUNUNGAN,496,KAB. NDUGA,248,66,33,0,0,0,0,0,0,0,0,0,0,0
37,PAPUA PEGUNUNGAN,514,KAB. PEGUNUNGAN BINTANG,278,144,267,4,0,0,0,0,0,0,0,0,0,0
37,PAPUA PEGUNUNGAN,499,KAB. RAJA AMPAT,1,0,0,0,0,0,0,0,0,0,0,0,0,0
37,PAPUA PEGUNUNGAN,95,KAB. TEBO,1,0,1,0,0,0,0,0,0,0,0,0,0,0
37,PAPUA PEGUNUNGAN,492,KAB. TOLIKARA,545,108,94,3,0,0,0,40000,8,8,40000,8,8,80000
37,PAPUA PEGUNUNGAN,491,KAB. YAHUKIMO,505,153,345,106,0,0,0,100000,1,1,0,0,0,100000
37,PAPUA PEGUNUNGAN,495,KAB. YALIMO,301,105,72,0,0,0,0,0,0,0,0,0,0,0
37,PAPUA PEGUNUNGAN,6408,"Kobayashi, Miyazaki",1,0,0,0,0,0,0,0,0,0,0,0,0,0
37,PAPUA PEGUNUNGAN,7214,Sak Lek,1,0,0,0,0,0,0,0,0,0,0,0,0,0
35,PAPUA SELATAN,6229,Fukuoka,1,1,1,0,0,0,0,0,0,0,0,0,0,0
35,PAPUA SELATAN,481,KAB. ASMAT,225,208,108,1,0,0,0,0,0,0,0,0,0,0
35,PAPUA SELATAN,479,KAB. BOVEN DIGOEL,109,61,62,20,0,0,0,0,0,0,0,0,0,0
35,PAPUA SELATAN,480,KAB. MAPPI,144,141,6,0,0,0,0,0,0,0,0,0,0,0
35,PAPUA SELATAN,478,KAB. MERAUKE,160,158,83,20,0,0,0,2240000,24,24,680000,36,54,2920000
35,PAPUA SELATAN,7139,Khun Yuam,1,1,0,0,0,0,0,0,0,0,0,0,0,0
36,PAPUA TENGAH,489,KAB. DEIYAI,67,41,45,0,0,0,0,0,0,0,0,0,0,0
36,PAPUA TENGAH,487,KAB. DOGIYAI,80,5,79,1,0,0,0,0,0,0,0,0,0,0
36,PAPUA TENGAH,488,KAB. INTAN JAYA,97,0,91,0,0,0,0,0,0,0,0,0,0,0
36,PAPUA TENGAH,485,KAB. MIMIKA,152,152,152,122,0,0,0,3245000,59,59,2000000,22,46,5245000
36,PAPUA TENGAH,482,KAB. NABIRE,80,65,79,20,0,0,0,7400000,94,94,1540000,44,77,8940000
36,PAPUA TENGAH,484,KAB. PANIAI,216,199,144,0,0,0,0,500000,2,2,0,0,0,500000
36,PAPUA TENGAH,486,KAB. PUNCAK,206,5,206,0,0,0,0,0,0,0,0,0,0,0
36,PAPUA TENGAH,483,KAB. PUNCAK JAYA,302,12,245,0,0,0,0,0,0,0,0,0,0,0
4,RIAU,78,KAB. BENGKALIS,155,155,154,106,0,0,0,12530800,201,201,3380000,83,332,15910800
4,RIAU,79,KAB. INDRAGIRI HILIR,237,237,237,73,0,164,18025000,166145000,430,430,8485000,206,479,174630000
4,RIAU,77,KAB. INDRAGIRI HULU,193,191,193,74,0,1610,26100000,13960000,237,243,4395000,104,498,18355000
4,RIAU,76,KAB. KAMPAR,250,250,250,150,0,0,0,173890300,2051,2051,36840000,979,3403,210730300
4,RIAU,84,KAB. KEPULAUAN MERANTI,102,102,102,58,0,0,0,3341878,61,61,585000,51,112,3926878
4,RIAU,75,KAB. KUANTAN SINGINGI,229,229,229,129,0,0,0,13420000,404,404,7160000,360,969,20580000
4,RIAU,80,KAB. PELALAWAN,119,118,119,66,0,0,0,15755000,316,316,9395000,291,979,25150000
4,RIAU,82,KAB. ROKAN HILIR,185,185,185,142,0,0,0,101370000,205,205,1430000,128,171,102800000
4,RIAU,81,KAB. ROKAN HULU,145,145,145,98,0,37882,43927000,94920000,1213,1213,27690000,1015,2723,122610000
4,RIAU,83,KAB. SIAK,132,131,131,98,0,0,0,19735000,435,435,11790000,533,1472,31525000
4,RIAU,86,KOTA DUMAI,36,36,36,34,0,0,0,4800000,78,78,1000000,5,20,5800000
4,RIAU,85,KOTA PEKANBARU,83,83,83,81,0,120,1860000,12660000,220,220,5810000,155,521,18470000
30,SULAWESI BARAT,439,KAB. MAJENE,82,82,82,82,0,1134,21012000,75975000,701,702,12885000,233,1093,88860000
30,SULAWESI BARAT,437,KAB. MAMASA,181,181,181,137,0,0,0,18200000,1038,1038,8900000,538,1635,27100000
30,SULAWESI BARAT,436,KAB. MAMUJU,101,101,101,99,0,0,0,43050000,335,335,2385060,96,178,45435060
30,SULAWESI BARAT,440,KAB. MAMUJU TENGAH,54,54,54,54,0,2495,60508868,39750000,326,326,26950000,213,1937,66700000
30,SULAWESI BARAT,513,KAB. PASANGKAYU,63,62,63,46,0,0,0,6050000,73,73,585000,57,63,6635000
30,SULAWESI BARAT,438,KAB. POLEWALI MANDAR,167,167,167,92,0,0,0,3200000,43,43,1160000,24,113,4360000
27,SULAWESI SELATAN,393,KAB. BANTAENG,67,67,67,67,0,0,0,9500000,95,95,400000,20,20,9900000
27,SULAWESI SELATAN,400,KAB. BARRU,55,55,55,48,0,50,200000,41330000,442,442,16280000,323,1119,57610000
27,SULAWESI SELATAN,398,KAB. BONE,372,371,372,332,0,971,34819500,211905850,1898,1898,137062805,1605,5943,348968655
27,SULAWESI SELATAN,392,KAB. BULUKUMBA,136,136,136,121,0,91,1572000,3050000,31,31,1230000,30,41,4280000
27,SULAWESI SELATAN,405,KAB. ENREKANG,129,129,129,123,0,147,2866500,11700165,109,109,3060000,100,308,14760165
27,SULAWESI SELATAN,396,KAB. GOWA,168,167,168,132,0,0,0,84600000,577,577,7670000,243,315,92270000
27,SULAWESI SELATAN,394,KAB. JENEPONTO,113,113,113,95,0,21595,167919000,14850000,150,150,1240000,44,50,16090000
27,SULAWESI SELATAN,391,KAB. KEPULAUAN SELAYAR,88,88,88,70,0,212,12699000,34475000,408,408,3495000,104,350,37970000
27,SULAWESI SELATAN,406,KAB. LUWU,227,225,227,150,0,0,0,7960000,121,121,1780000,55,124,9740000
27,SULAWESI SELATAN,409,KAB. LUWU TIMUR,128,128,127,75,0,15,330000,110600000,1116,1116,35845000,860,2352,146445000
27,SULAWESI SELATAN,408,KAB. LUWU UTARA,181,170,180,129,0,0,0,5300000,88,88,3950000,72,314,9250000
27,SULAWESI SELATAN,399,KAB. MAROS,106,102,105,89,0,0,0,31400000,387,387,14885000,256,1050,46285000
27,SULAWESI SELATAN,511,KAB. PANGKAJENE KEPULAUAN,106,102,105,91,0,0,0,20900000,199,201,15280000,163,733,36180000
27,SULAWESI SELATAN,404,KAB. PINRANG,115,108,112,109,0,417110,758238400,11600000,116,116,3980000,70,199,15580000
27,SULAWESI SELATAN,403,KAB. SIDENRENG RAPPANG,106,106,106,93,0,127,3722000,18205100,142,142,2516140,142,423,20721240
27,SULAWESI SELATAN,397,KAB. SINJAI,80,80,80,43,0,0,0,37500000,367,367,17275000,355,844,54775000
27,SULAWESI SELATAN,401,KAB. SOPPENG,70,70,70,70,0,0,0,4400000,44,44,0,0,0,4400000
27,SULAWESI SELATAN,395,KAB. TAKALAR,110,107,110,102,0,356,6350000,5850000,117,117,1100000,110,110,6950000
27,SULAWESI SELATAN,407,KAB. TANA TORAJA,159,159,159,112,0,0,0,35500000,71,71,1530000,33,79,37030000
27,SULAWESI SELATAN,410,KAB. TORAJA UTARA,151,151,151,127,0,0,0,13000000,42,42,3350000,25,134,16350000
27,SULAWESI SELATAN,402,KAB. WAJO,191,189,191,128,0,0,0,11820000,116,116,1220000,64,121,13040000
27,SULAWESI SELATAN,411,KOTA MAKASSAR,153,153,153,143,0,5368,149458700,47070000,221,221,9150020,229,378,56220020
27,SULAWESI SELATAN,413,KOTA PALOPO,48,47,48,47,0,0,0,1800000,36,36,40000,2,2,1840000
27,SULAWESI SELATAN,412,KOTA PAREPARE,22,22,22,21,0,0,0,920000,46,46,550000,45,55,1470000
26,SULAWESI TENGAH,378,KAB. BANGGAI,337,332,337,302,0,0,0,118365000,1212,1212,15845860,838,1495,134210860
26,SULAWESI TENGAH,379,KAB. BANGGAI KEPULAUAN,144,143,144,118,0,0,0,4950000,49,49,310000,31,31,5260000
26,SULAWESI TENGAH,388,KAB. BANGGAI LAUT,66,66,66,66,0,0,0,0,0,0,0,0,0,0
26,SULAWESI TENGAH,383,KAB. BUOL,115,115,115,106,0,0,0,141255000,1971,1971,16105000,1029,1100,157360000
26,SULAWESI TENGAH,381,KAB. DONGGALA,168,164,168,120,0,64670,154783760,4810000,48,48,865000,48,87,5675000
26,SULAWESI TENGAH,384,KAB. MOROWALI,133,133,133,115,0,0,0,27000000,145,145,6630000,113,395,33630000
26,SULAWESI TENGAH,389,KAB. MOROWALI UTARA,125,125,125,30,0,0,0,21425000,219,220,9040000,186,421,30465000
26,SULAWESI TENGAH,385,KAB. PARIGI MOUTONG,284,282,283,86,0,0,0,16585000,79,79,1425000,59,59,18010000
26,SULAWESI TENGAH,380,KAB. POSO,170,170,170,105,0,0,0,0,0,0,0,0,0,0
26,SULAWESI TENGAH,387,KAB. SIGI,164,164,164,42,0,26,710000,4250000,81,81,570000,37,57,4820000
26,SULAWESI TENGAH,386,KAB. TOJO UNA UNA,122,122,122,56,0,0,0,1800000,35,35,780000,35,78,2580000
26,SULAWESI TENGAH,382,KAB. TOLI-TOLI,109,109,109,103,0,0,0,10500000,192,192,2730000,168,185,13230000
26,SULAWESI TENGAH,390,KOTA PALU,46,46,46,35,0,0,0,100000,2,2,0,0,0,100000
28,SULAWESI TENGGARA,419,KAB. BOMBANA,144,144,144,130,0,0,0,15650000,115,115,9120000,117,397,24770000
28,SULAWESI TENGGARA,417,KAB. BUTON,94,94,94,70,0,0,0,44200000,433,433,24640000,418,2208,68840000
28,SULAWESI TENGGARA,428,KAB. BUTON SELATAN,70,67,69,27,0,0,0,2950000,59,59,2935000,41,136,5885000
28,SULAWESI TENGGARA,427,KAB. BUTON TENGAH,77,77,77,62,0,0,0,26500000,265,265,13210010,324,1322,39710010
28,SULAWESI TENGGARA,423,KAB. BUTON UTARA,90,90,90,90,0,0,0,4655000,48,48,150000,17,20,4805000
28,SULAWESI TENGGARA,414,KAB. KOLAKA,135,135,135,70,0,0,0,7300000,48,48,2075000,37,82,9375000
28,SULAWESI TENGGARA,424,KAB. KOLAKA TIMUR,133,133,132,75,0,0,0,32200000,86,86,1380000,63,89,33580000
28,SULAWESI TENGGARA,421,KAB. KOLAKA UTARA,133,133,133,121,0,0,0,15480000,259,259,3330000,182,260,18810000
28,SULAWESI TENGGARA,415,KAB. KONAWE,348,348,348,257,0,0,0,40950000,396,396,12630000,253,684,53580000
28,SULAWESI TENGGARA,425,KAB. KONAWE KEPULAUAN,89,87,89,40,0,0,0,405550,15,15,220070,10,28,625620
28,SULAWESI TENGGARA,418,KAB. KONAWE SELATAN,344,344,343,174,0,0,0,91050000,1066,1066,16770000,630,1602,107820000
28,SULAWESI TENGGARA,422,KAB. KONAWE UTARA,170,170,170,103,0,0,0,70603400,175,175,3525000,26,26,74128400
28,SULAWESI TENGGARA,416,KAB. MUNA,150,150,150,113,0,2,50000,153100000,496,496,54690000,331,1093,207790000
28,SULAWESI TENGGARA,426,KAB. MUNA BARAT,88,87,88,53,0,0,0,44300100,153,153,3930000,90,131,48230100
28,SULAWESI TENGGARA,420,KAB. WAKATOBI,100,100,100,66,0,0,0,350000,4,4,120000,4,6,470000
28,SULAWESI TENGGARA,430,KOTA BAU BAU,43,43,43,42,0,0,0,37150000,241,241,14505000,225,737,51655000
28,SULAWESI TENGGARA,429,KOTA KENDARI,65,65,65,63,0,1053,25170100,36320000,368,368,2570000,235,316,38890000
25,SULAWESI UTARA,363,KAB. BOLAANG MONGONDOW,206,199,206,109,0,0,0,15850000,190,190,3205000,156,172,19055000
25,SULAWESI UTARA,373,KAB. BOLAANG MONGONDOW SELATAN,82,81,82,56,0,0,0,38075000,329,329,3045000,184,184,41120000
25,SULAWESI UTARA,372,KAB. BOLAANG MONGONDOW TIMUR,80,77,80,29,0,0,0,2450000,49,49,5000,1,1,2455000
25,SULAWESI UTARA,370,KAB. BOLAANG MONGONDOW UTARA,107,107,107,47,0,0,0,18200000,178,178,1115000,69,131,19315000
25,SULAWESI UTARA,371,KAB. KEP. SIAU TAGULANDANG BIARO,93,93,93,51,0,0,0,42050000,409,409,12260000,400,2003,54310000
25,SULAWESI UTARA,365,KAB. KEPULAUAN SANGIHE,161,146,161,49,0,0,0,12000000,120,120,11640000,105,773,23640000
25,SULAWESI UTARA,366,KAB. KEPULAUAN TALAUD,153,150,153,115,0,1000,12000000,18850000,287,287,11400000,243,651,30250000
25,SULAWESI UTARA,364,KAB. MINAHASA,271,270,270,195,0,18774,34127200,89600000,959,959,19350000,678,1706,108950000
25,SULAWESI UTARA,367,KAB. MINAHASA SELATAN,177,174,177,137,0,2277,36634900,48200900,459,459,6295440,383,457,54496340
25,SULAWESI UTARA,369,KAB. MINAHASA TENGGARA,144,144,144,78,0,0,0,17750000,176,176,1930000,115,126,19680000
25,SULAWESI UTARA,368,KAB. MINAHASA UTARA,131,131,131,119,0,2,31400,40925050,605,606,10570400,605,1084,51495450
25,SULAWESI UTARA,375,KOTA BITUNG,69,69,69,57,0,0,0,3700000,37,37,0,0,0,3700000
25,SULAWESI UTARA,377,KOTA KOTAMOBAGU,33,31,33,18,0,7,406000,7700000,36,36,2600000,35,60,10300000
25,SULAWESI UTARA,374,KOTA MANADO,88,87,88,52,0,0,0,22450000,227,227,670000,47,66,23120000
25,SULAWESI UTARA,376,KOTA TOMOHON,44,43,44,33,0,2390,149667500,23100000,220,220,21530000,148,799,44630000
3,SUMATERA BARAT,62,KAB. AGAM,95,93,95,78,0,17595,255197500,80260000,860,860,29660000,657,2643,109920000
3,SUMATERA BARAT,65,KAB. DHARMASRAYA,52,52,52,39,0,188516,482802800,7550000,232,232,820000,82,82,8370000
3,SUMATERA BARAT,57,KAB. KEPULAUAN MENTAWAI,43,43,43,37,0,16150,28382560,0,0,0,0,0,0,0
3,SUMATERA BARAT,63,KAB. LIMA PULUH KOTA,79,79,79,77,0,0,0,88800000,774,774,22560000,590,1739,111360000
3,SUMATERA BARAT,61,KAB. PADANG PARIAMAN,103,103,103,97,0,152554,278133200,40680000,511,511,14765000,311,1028,55445000
3,SUMATERA BARAT,64,KAB. PASAMAN,62,62,62,47,0,20776,301846000,34412100,611,611,21400000,461,1501,55812100
3,SUMATERA BARAT,67,KAB. PASAMAN BARAT,90,90,90,76,0,2625,38892500,24450000,353,353,5070000,239,507,29520000
3,SUMATERA BARAT,56,KAB. PESISIR SELATAN,182,182,182,159,0,1439,11801200,61400000,784,784,27058000,683,2260,88458000
3,SUMATERA BARAT,59,KAB. SIJUNJUNG,62,62,62,61,0,34350,492980000,3750000,65,65,2660000,55,133,6410000
3,SUMATERA BARAT,58,KAB. SOLOK,74,74,74,62,0,91640,234490500,9250000,136,136,6150000,121,336,15400000
3,SUMATERA BARAT,66,KAB. SOLOK SELATAN,41,40,41,35,0,0,0,12175000,199,199,3550000,125,314,15725000
3,SUMATERA BARAT,60,KAB. TANAH DATAR,75,75,75,73,0,55214,791694000,44460000,588,588,22240000,386,1947,66700000
3,SUMATERA BARAT,72,KOTA BUKITTINGGI,24,24,24,24,0,468,7215600,3000000,48,48,2380000,47,223,5380000
3,SUMATERA BARAT,68,KOTA PADANG,104,104,104,104,0,27545,548564500,34440000,399,399,15900000,332,1526,50340000
3,SUMATERA BARAT,71,KOTA PADANG PANJANG,16,16,16,15,0,0,0,11100000,90,90,4100000,68,194,15200000
3,SUMATERA BARAT,74,KOTA PARIAMAN,71,71,71,71,0,0,0,25200000,254,254,12865000,216,696,38065000
3,SUMATERA BARAT,73,KOTA PAYAKUMBUH,47,47,47,45,0,0,0,18500000,218,218,9630000,158,923,28130000
3,SUMATERA BARAT,70,KOTA SAWAHLUNTO,37,37,37,37,0,0,0,0,0,0,0,0,0,0
3,SUMATERA BARAT,69,KOTA SOLOK,13,13,13,12,0,2500,36997500,0,0,0,0,0,0,0
6,SUMATERA SELATAN,104,KAB. BANYUASIN,315,312,315,239,0,39274,499921000,88725000,1329,1329,39205000,965,2676,127930000
6,SUMATERA SELATAN,108,KAB. EMPAT LAWANG,156,156,156,142,0,0,0,2341650,65,65,595000,28,28,2936650
6,SUMATERA SELATAN,101,KAB. LAHAT,377,377,377,334,0,114898,1360165100,123706800,3642,3642,47547720,3258,4706,171254520
6,SUMATERA SELATAN,100,KAB. MUARA ENIM,256,256,255,176,0,0,0,41930050,814,814,14760400,550,943,56690450
6,SUMATERA SELATAN,103,KAB. MUSI BANYUASIN,242,242,242,235,0,0,0,97430000,535,535,29620000,424,2373,127050000
6,SUMATERA SELATAN,102,KAB. MUSI RAWAS,199,199,199,166,0,43500,79210000,36970000,422,422,5420000,405,440,42390000
6,SUMATERA SELATAN,110,KAB. MUSI RAWAS UTARA,89,89,89,77,0,3500,38500000,34420000,126,126,1375000,91,138,35795000
6,SUMATERA SELATAN,107,KAB. OGAN ILIR,243,241,241,209,0,226476,516456000,30830000,620,620,8585000,218,599,39415000
6,SUMATERA SELATAN,99,KAB. OGAN KOMERING ILIR,327,327,327,266,0,0,0,46070009,518,518,22760000,409,1618,68830009
6,SUMATERA SELATAN,98,KAB. OGAN KOMERING ULU,157,155,157,96,0,0,0,23800050,439,439,8410000,421,699,32210050
6,SUMATERA SELATAN,106,KAB. OKU SELATAN,259,259,259,205,0,215700,392596000,23150000,350,350,4685000,272,571,27835000
6,SUMATERA SELATAN,105,KAB. OKU TIMUR,312,312,312,192,0,371951,677795000,65345000,1044,1045,21075000,728,1673,86420000
6,SUMATERA SELATAN,109,KAB. PENUKAL ABAB LEMATANG ILIR,72,72,72,70,0,0,0,2200000,43,43,0,0,0,2200000
6,SUMATERA SELATAN,113,KOTA LUBUK LINGGAU,72,72,72,66,0,109557,1261428000,26200000,374,374,16490000,380,1278,42690000
6,SUMATERA SELATAN,112,KOTA PAGAR ALAM,36,35,36,30,0,0,0,24400000,244,244,4060000,160,205,28460000
6,SUMATERA SELATAN,111,KOTA PALEMBANG,108,107,108,107,0,530444,6044820800,111570000,1691,1691,131215000,1409,6123,242785000
6,SUMATERA SELATAN,114,KOTA PRABUMULIH,45,45,45,45,0,500,10500000,40740000,867,867,21305000,537,1490,62045000
2,SUMATERA UTARA,30,KAB. ASAHAN,204,201,204,177,0,38991,183122320,20570000,349,349,12100000,359,1108,32670000
2,SUMATERA UTARA,42,KAB. BATU BARA,151,149,151,103,0,0,0,150000,3,3,60000,3,3,210000
2,SUMATERA UTARA,32,KAB. DAIRI,169,169,166,151,0,2,10000,4551900,118,118,1620370,90,196,6172270
2,SUMATERA UTARA,36,KAB. DELI SERDANG,394,394,391,257,0,123266,601977720,98560000,905,905,24900000,468,1314,123460000
2,SUMATERA UTARA,39,KAB. HUMBANG HASUNDUTAN,154,154,154,138,0,0,0,420000,9,9,70000,4,4,490000
2,SUMATERA UTARA,35,KAB. KARO,269,266,266,60,0,7245,82628000,17280000,289,289,29350000,290,1508,46630000
2,SUMATERA UTARA,31,KAB. LABUHANBATU,98,96,98,86,0,151115,1814720000,1405000,16,16,290000,14,33,1695000
2,SUMATERA UTARA,45,KAB. LABUHANBATU SELATAN,54,52,54,48,0,0,0,100000,2,2,0,0,0,100000
2,SUMATERA UTARA,46,KAB. LABUHANBATU UTARA,90,90,90,61,0,4865,57745000,9605000,46,46,4180000,40,101,13785000
2,SUMATERA UTARA,34,KAB. LANGKAT,277,277,277,276,0,0,0,65595000,696,696,7230000,194,411,72825000
2,SUMATERA UTARA,26,KAB. MANDAILING NATAL,404,394,404,312,0,42504,257735960,59670000,816,816,1430000,193,256,61100000
2,SUMATERA UTARA,25,KAB. NIAS,170,170,170,170,0,0,0,5735000,203,203,2390000,202,315,8125000
2,SUMATERA UTARA,48,KAB. NIAS BARAT,106,105,101,36,0,0,0,6900000,81,81,1595000,67,136,8495000
2,SUMATERA UTARA,37,KAB. NIAS SELATAN,462,385,439,321,0,0,0,10480000,41,41,960000,36,43,11440000
2,SUMATERA UTARA,47,KAB. NIAS UTARA,113,110,110,78,0,0,0,13550000,174,174,2195000,73,132,15745000
2,SUMATERA UTARA,44,KAB. PADANG LAWAS,304,303,304,275,0,0,0,5900000,162,162,4020000,100,411,9920000
2,SUMATERA UTARA,43,KAB. PADANG LAWAS UTARA,387,385,387,368,0,0,0,17980000,219,219,4150000,198,415,22130000
2,SUMATERA UTARA,38,KAB. PAKPAK BHARAT,52,52,52,43,0,0,0,22621200,179,181,10850000,114,395,33471200
2,SUMATERA UTARA,40,KAB. SAMOSIR,134,134,134,48,0,0,0,2170000,33,33,430000,23,28,2600000
2,SUMATERA UTARA,41,KAB. SERDANG BEDAGAI,236,236,235,187,0,1789,11419600,35201625,405,405,19155000,271,827,54356625
2,SUMATERA UTARA,29,KAB. SIMALUNGUN,413,413,413,394,0,48238,283950800,19260000,348,348,8740000,255,552,28000000
2,SUMATERA UTARA,24,KAB. TAPANULI SELATAN,248,242,248,229,0,40326,520192500,21103250,409,409,3435000,193,213,24538250
2,SUMATERA UTARA,27,KAB. TAPANULI TENGAH,215,211,211,139,0,2010,29148000,250000,5,5,0,0,0,250000
2,SUMATERA UTARA,28,KAB. TAPANULI UTARA,251,236,251,235,0,50,565000,5400000,108,108,7460000,102,516,12860000
2,SUMATERA UTARA,33,KAB. TOBA,243,242,243,212,0,0,0,61380000,1198,1198,21650030,925,2451,83030030
2,SUMATERA UTARA,53,KOTA BINJAI,37,37,37,37,0,0,0,3450000,69,69,2570000,61,142,6020000
2,SUMATERA UTARA,55,KOTA GUNUNGSITOLI,101,101,98,51,0,10600,121700000,600000,9,9,40000,4,4,640000
2,SUMATERA UTARA,49,KOTA MEDAN,151,151,151,151,0,27340,343290000,2585000,99,99,2025000,94,312,4610000
2,SUMATERA UTARA,503,KOTA PADANG SIDEMPUAN,79,79,79,58,0,368230,4480546000,140000,14,14,700000,14,14,840000
2,SUMATERA UTARA,50,KOTA PEMATANGSIANTAR,53,53,53,50,0,32760,417480000,4600000,46,46,140000,6,7,4740000
2,SUMATERA UTARA,51,KOTA SIBOLGA,17,17,17,11,0,0,0,150000,3,3,10000,2,2,160000
2,SUMATERA UTARA,52,KOTA TANJUNG BALAI,31,31,31,23,0,41020,527565000,50000,2,2,100000,2,2,150000
2,SUMATERA UTARA,54,KOTA TEBING TINGGI,35,35,35,33,0,0,0,1550000,31,31,140000,7,7,1690000
